method	io.sentry.protocol.zmOA.URebmzwW	MdemBnZpwLcmlV	public static final void me.proton.android.core.web.WebAuthActivity$c2020060319.onCreate(me.proton.android.core.web.WebAuthActivity,android.os.Bundle)
method	io.sentry.protocol.zmOA.URebmzwW	ipWtrFQsVYTTdD	public static final void me.proton.android.lumo.MainActivity$c2020060321.onStop(me.proton.android.lumo.MainActivity)
method	io.sentry.transport.pKQ.osdrKedaStzIU	wSTFzqfVMQJdE	public static final void me.proton.android.core.web.WebAuthActivity$c2020060317.onDestroy(me.proton.android.core.web.WebAuthActivity)
method	me.proton.android.account.devicemigration.flow.activity.IWA.TiHyXFg	CfqDveUZefybvNN	public static final void me.proton.android.lumo.MainActivity$c2020060317.onStart(me.proton.android.lumo.MainActivity)
method	me.proton.android.account.devicemigration.flow.activity.IWA.TiHyXFg	RMtmYBWOO	public static final void me.proton.android.lumo.MainActivity$c2020060319.onPause(me.proton.android.lumo.MainActivity)
method	me.proton.android.account.devicemigration.flow.activity.IWA.TiHyXFg	geDxJuQdqfGJ	public static final void me.proton.android.lumo.MainActivity$c2020060322.onCreate(me.proton.android.lumo.MainActivity,android.os.Bundle)
method	me.proton.android.account.devicemigration.flow.activity.IWA.TiHyXFg	oczlvSU	public static final void me.proton.android.core.web.WebAuthActivity$c2020060318.onResume(me.proton.android.core.web.WebAuthActivity)
method	me.proton.android.account.devicemigration.flow.activity.IWA.TiHyXFg	uEXB	public static final void me.proton.android.lumo.LumoApplication$c2020060317.onCreate(me.proton.android.lumo.LumoApplication)
method	me.proton.android.account.devicemigration.flow.activity.IWA.TiHyXFg	vzeMnPXHgZCIt	public static final void me.proton.android.lumo.MainActivity$c2020060320.onDestroy(me.proton.android.lumo.MainActivity)
method	me.proton.android.account.devicemigration.flow.activity.IWA.TiHyXFg	wdjgg	public static final void me.proton.android.lumo.MainActivity$c2020060318.onResume(me.proton.android.lumo.MainActivity)
string	LpQR.ksMRby	ACux	No session available for key 
string	LpQR.ksMRby	BDlusjQBignq	postSubscription
string	LpQR.ksMRby	BgDXcPHRCr	main.is_loading
string	LpQR.ksMRby	BxaJ	KEY_NETWORK_STATE_PROXY_ENABLED
string	LpQR.ksMRby	CTilKWTo	Dropping profile chunk, because the file '
string	LpQR.ksMRby	CZneYzHmbxIFpU	List adapter activity trampoline invoked without specifying target intent.
string	LpQR.ksMRby	EXKCARKO	Time out while launching billing flow. Try to reconnect
string	LpQR.ksMRby	EgvB	, loading=
string	LpQR.ksMRby	FhQtrUnQqFs	call to 'resume' before 'invoke' with coroutine
string	LpQR.ksMRby	FopxQ	E
string	LpQR.ksMRby	IUZlavwEEZlPj	SurfaceTint
string	LpQR.ksMRby	IengeaPgAyQk	customerID
string	LpQR.ksMRby	JrLhkCSFgLWdQH	Expected URL scheme 'http' or 'https' but was '
string	LpQR.ksMRby	LhfpVxBavtql	boolean
string	LpQR.ksMRby	LkNehZKuKAXm	>
string	LpQR.ksMRby	NmKzBE	, bottomSheet=
string	LpQR.ksMRby	Oacrmdh	An operation is not implemented: Not yet implemented
string	LpQR.ksMRby	OuMPHWHS	, imeAction=
string	LpQR.ksMRby	PGuBMzAGbolj	NOT_SUPPORTED_ERR
string	LpQR.ksMRby	PLuIknNyScpPPY	, loading=
string	LpQR.ksMRby	PhYBVaiUtnTpx	profile_id
string	LpQR.ksMRby	QvyMERnkyeorNGo	 as the serialized body of double at element: 
string	LpQR.ksMRby	QwzDCRzyvY	TORCH_ENABLED
string	LpQR.ksMRby	RyjqJDEazWjjwHF	onSecondary=
string	LpQR.ksMRby	THjkh	quic
string	LpQR.ksMRby	WfusoePr	 must be a public field of type 
string	LpQR.ksMRby	WwloCE	Expected comma after the key-value pair
string	LpQR.ksMRby	XqU	This coroutine had already completed
string	LpQR.ksMRby	YMBxtW	Class initialization cannot fail.
string	LpQR.ksMRby	YzTUXytAO	KEY
string	LpQR.ksMRby	cKie	 (Kotlin reflection is not available)
string	LpQR.ksMRby	cYTkvoSwDrgrcWY	R
string	LpQR.ksMRby	dsxxVLTT	GB2312
string	LpQR.ksMRby	eEDsaPgWJ	call to 'resume' before 'invoke' with coroutine
string	LpQR.ksMRby	eavE	, \n registerResponse=
string	LpQR.ksMRby	evA	Failed to remove frameMetricsAvailableListener
string	LpQR.ksMRby	ifRVfaGgr	'.
string	LpQR.ksMRby	ivfhmaN	, field1=
string	LpQR.ksMRby	jgFqFIP	call to 'resume' before 'invoke' with coroutine
string	LpQR.ksMRby	jwuz	Ran off end of other: 0, 
string	LpQR.ksMRby	kESSwmGZZam	}
string	LpQR.ksMRby	kPdRxNdZDW	FragmentManager
string	LpQR.ksMRby	kbMxZGeQk	closed
string	LpQR.ksMRby	lFrDLUTaCPOJIh	In camera config safe mode -- most settings will not be honored
string	LpQR.ksMRby	nbNlhys	TYPE_SETTINGS length % 6 != 0: 
string	LpQR.ksMRby	oHUm	RESOLUTION_ACTIVITY_NOT_FOUND
string	LpQR.ksMRby	oiMduGVYljvIK	 in the map
string	LpQR.ksMRby	pAEvqYYwDjSL	NoSpace
string	LpQR.ksMRby	pINvR	android.intent.action.TIME_SET
string	LpQR.ksMRby	qNIitgiyKvQrLff	Transform must have 9 entries! Has 
string	LpQR.ksMRby	qoATsNLlJOSGmG	Idle
string	LpQR.ksMRby	qrsRhSCdsazha	lumo_prefs
string	LpQR.ksMRby	taumjlALgieB	zip file systems are read-only
string	LpQR.ksMRby	wetFRBUsJQyTPUJ	bytes
string	LpQR.ksMRby	xHE	)
string	LpQR.ksMRby	xSyozgegfqNV	Client
string	LpQR.ksMRby	xmkckuehGMEwvy	FragmentManager
string	LpQR.ksMRby	xtCqxnzsvi	emojiCompat
string	LpQR.ksMRby	yDrEAmDpv	)
string	android.window.Wlni.QXUzyP	AmmLvlZX	
string	android.window.Wlni.QXUzyP	DPSXN	mBreadCrumbShortTitleRes=#
string	android.window.Wlni.QXUzyP	DXss	lumo
string	android.window.Wlni.QXUzyP	DrAUCEloNzLABIx	Processor cancelling 
string	android.window.Wlni.QXUzyP	DxopDBXvI	, kind=
string	android.window.Wlni.QXUzyP	EwoVyflZbD	 from memory not supported
string	android.window.Wlni.QXUzyP	FAMKOe	Client is already in the process of connecting to billing service.
string	android.window.Wlni.QXUzyP	FrzOjlwKMRNBU	>> CONNECTION 
string	android.window.Wlni.QXUzyP	FuGMZjODWq	found ] instead of } at path: 
string	android.window.Wlni.QXUzyP	Gua	selectedAspectRatio
string	android.window.Wlni.QXUzyP	GzragRFCU	pokeInt
string	android.window.Wlni.QXUzyP	IkzVmjPPSPmag	NetworkRequestConstraintController couldn't register callback
string	android.window.Wlni.QXUzyP	JFEAhag	Unable to log.
string	android.window.Wlni.QXUzyP	JoYCe	/
string	android.window.Wlni.QXUzyP	KLclxbQR	Expected ':'
string	android.window.Wlni.QXUzyP	LJBmz	color must be RGB (3 components)
string	android.window.Wlni.QXUzyP	LJVepxCzdD	The transport failed to send the envelope with response code 
string	android.window.Wlni.QXUzyP	LwJeNIgZkYVnKB	Truncated thread stack frames for event %s
string	android.window.Wlni.QXUzyP	OlCUYpiXJ	call to 'resume' before 'invoke' with coroutine
string	android.window.Wlni.QXUzyP	QIZtXUyQTe	ONE
string	android.window.Wlni.QXUzyP	QRoUM	NotificationDeleteRequest(id=
string	android.window.Wlni.QXUzyP	RIveoimVAsYD	familyName
string	android.window.Wlni.QXUzyP	RdYyQA	ACTION_ACCESSIBILITY_FOCUS
string	android.window.Wlni.QXUzyP	UcV	call to 'resume' before 'invoke' with coroutine
string	android.window.Wlni.QXUzyP	XdRXEbfNI	Operation is not supported for read-only collection
string	android.window.Wlni.QXUzyP	XrEqyfjOSc	Calling connect() while still connected, missing disconnect() for 
string	android.window.Wlni.QXUzyP	XwGaqEWyUucn	)
string	android.window.Wlni.QXUzyP	YcjkDuhUex	kotlin.jvm.functions.Function16
string	android.window.Wlni.QXUzyP	bim	Not enough bytes to skip fixed32
string	android.window.Wlni.QXUzyP	bpm	' within 
string	android.window.Wlni.QXUzyP	cAsERvhLtLAgE	While parsing a protocol message, the input ended unexpectedly in the middle of a field.  This could mean either that the input has been truncated or that an embedded message misreported its own length.
string	android.window.Wlni.QXUzyP	dqVXvg	value
string	android.window.Wlni.QXUzyP	fiSy	Pre-measure called on node that is not placed
string	android.window.Wlni.QXUzyP	fomQn	Index 
string	android.window.Wlni.QXUzyP	gZixSLEpcAAm	objectFieldOffset
string	android.window.Wlni.QXUzyP	gegUTKnnGtXtWb	, bodyLargeEmphasized=
string	android.window.Wlni.QXUzyP	gnOHu	call to 'resume' before 'invoke' with coroutine
string	android.window.Wlni.QXUzyP	hHivRdHUGZtf	description
string	android.window.Wlni.QXUzyP	lXbrcOErj	Font load failed
string	android.window.Wlni.QXUzyP	nfU	trying inapp apiVersion: 
string	android.window.Wlni.QXUzyP	rrgxU	ORIENTATION
string	android.window.Wlni.QXUzyP	uipBBVngvsLUpZ	SKU_DETAILS_RESPONSE_FORMAT
string	android.window.Wlni.QXUzyP	vLAapnhJaCcV	Success(token=
string	androidx.annotation.tv.AZIrWfOkxts	BfDNaZGlAjN	not_granted
string	androidx.annotation.tv.AZIrWfOkxts	CYxUD	X-Sentry-Auth
string	androidx.annotation.tv.AZIrWfOkxts	ChS	NavDisplay entries cannot be empty
string	androidx.annotation.tv.AZIrWfOkxts	CwTiAXPdKn	private
string	androidx.annotation.tv.AZIrWfOkxts	DRtvEN	: "
string	androidx.annotation.tv.AZIrWfOkxts	EKJFhDuCCxzX	call to 'resume' before 'invoke' with coroutine
string	androidx.annotation.tv.AZIrWfOkxts	FzVHbkX	Unexpected null bundle received!
string	androidx.annotation.tv.AZIrWfOkxts	GxnpyXyudnsLKeW	storageMetrics
string	androidx.annotation.tv.AZIrWfOkxts	IQYkDTOWo	Out of memory downscaling image: 
string	androidx.annotation.tv.AZIrWfOkxts	IUlQKX	attachment
string	androidx.annotation.tv.AZIrWfOkxts	JExjbuvHIlwcp	Item %d of type %s returned null by the parser.
string	androidx.annotation.tv.AZIrWfOkxts	KBdCbLwRGbQoVow	All weights <= 0 should have placeables
string	androidx.annotation.tv.AZIrWfOkxts	KIECfa	closed
string	androidx.annotation.tv.AZIrWfOkxts	LbxX	): 
string	androidx.annotation.tv.AZIrWfOkxts	MPcOSjgQ	], or start > end!
string	androidx.annotation.tv.AZIrWfOkxts	PjflBVVD	ACTION_ARGUMENT_SELECTION_END_INT
string	androidx.annotation.tv.AZIrWfOkxts	QLqXXGMRiYV	. Animation: 
string	androidx.annotation.tv.AZIrWfOkxts	QpixGTy	Delayed[nanos=
string	androidx.annotation.tv.AZIrWfOkxts	RTkxyQfKTXS	Width
string	androidx.annotation.tv.AZIrWfOkxts	SJkk	identifier
string	androidx.annotation.tv.AZIrWfOkxts	Ugkfm	Unterminated array
string	androidx.annotation.tv.AZIrWfOkxts	WdHBTUA	UPC_A
string	androidx.annotation.tv.AZIrWfOkxts	WvnswOXrX	, crossed=
string	androidx.annotation.tv.AZIrWfOkxts	XokKRP	.
string	androidx.annotation.tv.AZIrWfOkxts	YJESJiai	No ViewModelStoreOwner was provided via LocalViewModelStoreOwner
string	androidx.annotation.tv.AZIrWfOkxts	YnXdunwYFa	No encoder for 
string	androidx.annotation.tv.AZIrWfOkxts	ZvmcSKFcnEzA	Removing SystemIdInfo for workSpecId (
string	androidx.annotation.tv.AZIrWfOkxts	aNzkCs	com.google.android.gms.common.internal.IGmsServiceBroker
string	androidx.annotation.tv.AZIrWfOkxts	amez	MotionEvent must be a touch navigation source
string	androidx.annotation.tv.AZIrWfOkxts	amqnslQt	name
string	androidx.annotation.tv.AZIrWfOkxts	bhZVxk	 > 
string	androidx.annotation.tv.AZIrWfOkxts	gOemXowNy	px)');\n                document.documentElement.style.setProperty('--safe-area-inset-right', 'env(safe-area-inset-right, 
string	androidx.annotation.tv.AZIrWfOkxts	gRbPTlilGce	timestamp
string	androidx.annotation.tv.AZIrWfOkxts	hDZEmnuusCsGNiK	A connection to 
string	androidx.annotation.tv.AZIrWfOkxts	hKHurGDnApu	, isWebSearchEnabled=
string	androidx.annotation.tv.AZIrWfOkxts	izABIo	com.google.android.gms.signin.internal.ISignInService
string	androidx.annotation.tv.AZIrWfOkxts	jdCs	RESPONSE_CODE
string	androidx.annotation.tv.AZIrWfOkxts	kAJrIoyescbLl	Call next() or previous() before removing element from the iterator.
string	androidx.annotation.tv.AZIrWfOkxts	kRlkjpznhzjUJ	emailAddress
string	androidx.annotation.tv.AZIrWfOkxts	mSvKDBklQKPcp	SAFE_BROWSING_ALLOWLIST
string	androidx.annotation.tv.AZIrWfOkxts	nSVW	Developer error occurred. Please see logs for detailed information
string	androidx.annotation.tv.AZIrWfOkxts	nfBfNOXILLZONJX	) to match declared fields [
string	androidx.annotation.tv.AZIrWfOkxts	oVYufF	" (
string	androidx.annotation.tv.AZIrWfOkxts	pVQxIvAXtUIXzpf	me.proton.android.lumo.webview.mapper.SidebarLayoutDto
string	androidx.annotation.tv.AZIrWfOkxts	pnfsmPviceFbuFC	)
string	androidx.annotation.tv.AZIrWfOkxts	qhdpyQMcC	, codeValidation=
string	androidx.annotation.tv.AZIrWfOkxts	qmofZXJ	Health check negative, downsampling with a factor of %d
string	androidx.annotation.tv.AZIrWfOkxts	qvJxcBqXE	Session(value=
string	androidx.annotation.tv.AZIrWfOkxts	ribodcdCcyWwxmL	ArrayDeque is empty.
string	androidx.annotation.tv.AZIrWfOkxts	rijKZYTgGqlRWuM	event
string	androidx.annotation.tv.AZIrWfOkxts	sJYMbyBbcEwzmqc	Error(error=
string	androidx.annotation.tv.AZIrWfOkxts	sjSPEMNTf	executeListener
string	androidx.annotation.tv.AZIrWfOkxts	ueBShhZQz	charSequence cannot be null
string	androidx.annotation.tv.AZIrWfOkxts	upvEuIgOX	Got NPE while authenticating with biometric prompt.
string	androidx.annotation.tv.AZIrWfOkxts	wAjBTGbb	HEADERS
string	androidx.annotation.tv.AZIrWfOkxts	wZKwmbWSD	) for session(
string	androidx.annotation.tv.AZIrWfOkxts	weMg	flex_duration
string	androidx.annotation.tv.AZIrWfOkxts	wiSHMZRXoAANT	visitAncestors called on an unattached node
string	androidx.annotation.tv.AZIrWfOkxts	ylAtyGRMLLzHlen	samesite
string	androidx.annotation.tv.AZIrWfOkxts	zFtTmtgmORkeu	replay_type
string	androidx.annotation.tv.AZIrWfOkxts	zITGoJCML	fl
string	androidx.annotation.tv.tqyrZCKpDfYC	AakYyIxU	TLS
string	androidx.annotation.tv.tqyrZCKpDfYC	BOyge	Missing required field "body"
string	androidx.annotation.tv.tqyrZCKpDfYC	BmnsCTrWuSSF	Operation is not supported for read-only collection
string	androidx.annotation.tv.tqyrZCKpDfYC	CZDNQ	stopped
string	androidx.annotation.tv.tqyrZCKpDfYC	DbN	SSOAdminGrantedAccess(value=
string	androidx.annotation.tv.tqyrZCKpDfYC	DcAWfbvpnk	CANCEL
string	androidx.annotation.tv.tqyrZCKpDfYC	ETLNERq	structure-alignment
string	androidx.annotation.tv.tqyrZCKpDfYC	FDkVfAcK	)
string	androidx.annotation.tv.tqyrZCKpDfYC	FrRb	TwoFactorSettingsView(enabled=
string	androidx.annotation.tv.tqyrZCKpDfYC	IsMOqUo	, compositingStrategy=CompositingStrategy(value=0), blendMode=
string	androidx.annotation.tv.tqyrZCKpDfYC	JEFhYkLSZ	Sending CoordinatorEvent failed (
string	androidx.annotation.tv.tqyrZCKpDfYC	JImTllYXM	List is empty.
string	androidx.annotation.tv.tqyrZCKpDfYC	JsiCFsNlT	Timed out waiting for view hierarchy capture on main thread
string	androidx.annotation.tv.tqyrZCKpDfYC	KjsZqxWgFIQo	properties are required
string	androidx.annotation.tv.tqyrZCKpDfYC	LTpdRfuE	Activity window is null, not taking screenshot.
string	androidx.annotation.tv.tqyrZCKpDfYC	OlEaDjfYvMFI	nm
string	androidx.annotation.tv.tqyrZCKpDfYC	PTZIcPxXc	[\n\t
string	androidx.annotation.tv.tqyrZCKpDfYC	PxsKFCHpcAHRuC	DISCONNECTED
string	androidx.annotation.tv.tqyrZCKpDfYC	QaEhS	start_timestamp
string	androidx.annotation.tv.tqyrZCKpDfYC	ROqRyJvRtXewmHc	ACTION_PAGE_DOWN
string	androidx.annotation.tv.tqyrZCKpDfYC	SgxhF	item at index 
string	androidx.annotation.tv.tqyrZCKpDfYC	SzY	set-cookie
string	androidx.annotation.tv.tqyrZCKpDfYC	TikQWykH	DisplaySmall
string	androidx.annotation.tv.tqyrZCKpDfYC	UTFSRNhXcx	, sessionIds=
string	androidx.annotation.tv.tqyrZCKpDfYC	VMdX	Please provide a valid product type.
string	androidx.annotation.tv.tqyrZCKpDfYC	YIvREMkCjKpCQJ	release
string	androidx.annotation.tv.tqyrZCKpDfYC	YUumJqlBviNrZ	Event
string	androidx.annotation.tv.tqyrZCKpDfYC	ZFmn	)
string	androidx.annotation.tv.tqyrZCKpDfYC	ZyChpDp	Process Initialization
string	androidx.annotation.tv.tqyrZCKpDfYC	apGuoo	]
string	androidx.annotation.tv.tqyrZCKpDfYC	aytROklbXZhTFTX	Error writing the 
string	androidx.annotation.tv.tqyrZCKpDfYC	bonjBIwsoRlJ	, 
string	androidx.annotation.tv.tqyrZCKpDfYC	cAVaiCUHSMNgABr	Unsupported meta version
string	androidx.annotation.tv.tqyrZCKpDfYC	ccamlPsBQP	OldProductId must not be one of the products to be purchased. Invalid old product id: 
string	androidx.annotation.tv.tqyrZCKpDfYC	cnYpfF	, flags=
string	androidx.annotation.tv.tqyrZCKpDfYC	itNTWNHtsELc	schedule_requested_at
string	androidx.annotation.tv.tqyrZCKpDfYC	kKWcSBbAzvhLh	ProtonTabState(uiModel=
string	androidx.annotation.tv.tqyrZCKpDfYC	mwkGMxAdVDaBIUA	8.37.1
string	androidx.annotation.tv.tqyrZCKpDfYC	oQCvNBz	INVALID_STATE_ERR
string	androidx.annotation.tv.tqyrZCKpDfYC	odJDvsaOlCKsU	Subscription verification failed
string	androidx.annotation.tv.tqyrZCKpDfYC	qHgaLuUkK	SharingStarted.WhileSubscribed(
string	androidx.annotation.tv.tqyrZCKpDfYC	qWUBdeVZBiHabs	)
string	androidx.annotation.tv.tqyrZCKpDfYC	qqnWjwXYiJGUo	)
string	androidx.annotation.tv.tqyrZCKpDfYC	tkVvW	Scoped provider was invoked recursively returning different results: 
string	androidx.annotation.tv.tqyrZCKpDfYC	uQlnItPi	call to 'resume' before 'invoke' with coroutine
string	androidx.annotation.tv.tqyrZCKpDfYC	uZMZWZTgczML	onCloseClick
string	androidx.annotation.tv.tqyrZCKpDfYC	vftJuWmhSHvA	, collapseKey=
string	androidx.annotation.tv.tqyrZCKpDfYC	xsiDwQKRMJYOOj	CubicBezierEasing(a=
string	androidx.annotation.tv.tqyrZCKpDfYC	yiMqBvkDJu	Loaded(email=
string	androidx.annotation.tv.tqyrZCKpDfYC	zaSpXKHnq	http/1.1
string	androidx.browser.browseractions.pdW.xQXFAeCE	HHYkoJpYTtaCxv	, 
string	androidx.browser.browseractions.pdW.xQXFAeCE	HPl	UserInput
string	androidx.browser.browseractions.pdW.xQXFAeCE	HYhNjaFDZ	)
string	androidx.browser.browseractions.pdW.xQXFAeCE	HrGkLgEb	call to 'resume' before 'invoke' with coroutine
string	androidx.browser.browseractions.pdW.xQXFAeCE	IKUZjJ	Idle
string	androidx.browser.browseractions.pdW.xQXFAeCE	ISeFpyVN	CancellableContinuation
string	androidx.browser.browseractions.pdW.xQXFAeCE	IeXoXRGoyLbRIK	ContentOrRtl
string	androidx.browser.browseractions.pdW.xQXFAeCE	JFyEOAir	notification
string	androidx.browser.browseractions.pdW.xQXFAeCE	JNBiDJbGTX	developerPayload
string	androidx.browser.browseractions.pdW.xQXFAeCE	KdkUQHGidmI	endIndex > length(
string	androidx.browser.browseractions.pdW.xQXFAeCE	LFasokuyFrEnEb	, signalSuccessHover=
string	androidx.browser.browseractions.pdW.xQXFAeCE	LGUmZIdT	Leading
string	androidx.browser.browseractions.pdW.xQXFAeCE	MuGhFLKsIhN	NoPadding
string	androidx.browser.browseractions.pdW.xQXFAeCE	NCpa	cannot get external files dir, external storage state is 
string	androidx.browser.browseractions.pdW.xQXFAeCE	PGZJN	, textHint=
string	androidx.browser.browseractions.pdW.xQXFAeCE	PMOHrZQI	Header index too large 
string	androidx.browser.browseractions.pdW.xQXFAeCE	QgukqMWq	region
string	androidx.browser.browseractions.pdW.xQXFAeCE	QmFScsd	Fragment 
string	androidx.browser.browseractions.pdW.xQXFAeCE	QwQMatf	SsoLogin(flowId=
string	androidx.browser.browseractions.pdW.xQXFAeCE	STFyTGcGUS	invalid parameter type. Must be one and instanceof LifecycleOwner
string	androidx.browser.browseractions.pdW.xQXFAeCE	SjxkfqPQVpWq	com.google.common.base.Strings
string	androidx.browser.browseractions.pdW.xQXFAeCE	SxgsaV	isFreeUser
string	androidx.browser.browseractions.pdW.xQXFAeCE	TeNG	autoInvalidateUpdatedNode called on unattached node
string	androidx.browser.browseractions.pdW.xQXFAeCE	TeW	onContinueClick
string	androidx.browser.browseractions.pdW.xQXFAeCE	UIdYqjc	beginIndex < 0
string	androidx.browser.browseractions.pdW.xQXFAeCE	VWZKsAmOsZTozA	backend_name = ? and priority = ?
string	androidx.browser.browseractions.pdW.xQXFAeCE	WjLkrE	startMs
string	androidx.browser.browseractions.pdW.xQXFAeCE	aNuAJwQgNjJLNnE	GOAWAY
string	androidx.browser.browseractions.pdW.xQXFAeCE	aaqfz	surfaceContainer=
string	androidx.browser.browseractions.pdW.xQXFAeCE	cpuuiDbfGN	, displayName=
string	androidx.browser.browseractions.pdW.xQXFAeCE	eTeqInMZ	Picked(uri=
string	androidx.browser.browseractions.pdW.xQXFAeCE	fRHIzLkOdAhS	coil.request.NullRequestData
string	androidx.browser.browseractions.pdW.xQXFAeCE	frIzNAuWki	LumoLoaded
string	androidx.browser.browseractions.pdW.xQXFAeCE	gbRwR	p
string	androidx.browser.browseractions.pdW.xQXFAeCE	hcBLl	PublicKeyCredentialDescriptor(ty=
string	androidx.browser.browseractions.pdW.xQXFAeCE	huUllF	name
string	androidx.browser.browseractions.pdW.xQXFAeCE	kBljEmbNw	Biometric title missing
string	androidx.browser.browseractions.pdW.xQXFAeCE	kCtOzGejVKBpy	The Google Play services resources were not found. Check your project configuration to ensure that the resources are included.
string	androidx.browser.browseractions.pdW.xQXFAeCE	khbpbKt	Unexpected background color modifier: 
string	androidx.browser.browseractions.pdW.xQXFAeCE	lUTkRldO	kotlin.jvm.functions.Function17
string	androidx.browser.browseractions.pdW.xQXFAeCE	orgciIWVVAt	. Proxy is ignored
string	androidx.browser.browseractions.pdW.xQXFAeCE	pWXzQNO	ISIZE
string	androidx.browser.browseractions.pdW.xQXFAeCE	petAxHXScYdQS	priceCurrencyCode
string	androidx.browser.browseractions.pdW.xQXFAeCE	qCkXZyNJkDPi	min
string	androidx.browser.browseractions.pdW.xQXFAeCE	qJXLRObiWTPhXC	MakerNote
string	androidx.browser.browseractions.pdW.xQXFAeCE	qzkMfRgfDApI	offset(
string	androidx.browser.browseractions.pdW.xQXFAeCE	sNc	Empty
string	androidx.browser.browseractions.pdW.xQXFAeCE	sXdU	Cut
string	androidx.browser.browseractions.pdW.xQXFAeCE	tbEtWQSwSpeKu	SELECT * FROM workspec WHERE state=0 AND schedule_requested_at=-1 AND LENGTH(content_uri_triggers)<>0 ORDER BY last_enqueue_time
string	androidx.browser.browseractions.pdW.xQXFAeCE	uckPGqPVTHfD	Item is unavailable for purchase.
string	androidx.browser.browseractions.pdW.xQXFAeCE	ugPHctqLvIjv	Strictness.Normal
string	androidx.browser.browseractions.pdW.xQXFAeCE	xXVTKo	Cycle
string	androidx.browser.browseractions.pdW.xQXFAeCE	xhPIVualIiG	CHANGEPASSWORDDISABLED
string	androidx.core.content.UG.KTCkvwqMtY	CCb	You must call setGraph() before calling getGraph()
string	androidx.core.content.UG.KTCkvwqMtY	DOTayMDg	base32()
string	androidx.core.content.UG.KTCkvwqMtY	DOtkGfOuZgdHlN	mergeDescendants=true
string	androidx.core.content.UG.KTCkvwqMtY	EdOwz	ISO8859_3
string	androidx.core.content.UG.KTCkvwqMtY	FZPHdfsJUockQfC	main
string	androidx.core.content.UG.KTCkvwqMtY	HMIEnNO	)
string	androidx.core.content.UG.KTCkvwqMtY	HricRP	NavDisplay backstack cannot be empty
string	androidx.core.content.UG.KTCkvwqMtY	IEoTgYV	DeviceItemUiModel(id=
string	androidx.core.content.UG.KTCkvwqMtY	ITyGFWJH	Sentry
string	androidx.core.content.UG.KTCkvwqMtY	JBRSCQecQQ	kotlin.jvm.functions.Function3
string	androidx.core.content.UG.KTCkvwqMtY	LvlseQDyq	Index < 0: 
string	androidx.core.content.UG.KTCkvwqMtY	MnCuQbleaOVv	RejectSsoSelfDeviceFlowEvent(id=
string	androidx.core.content.UG.KTCkvwqMtY	MslPCvkpFlVg	 got 
string	androidx.core.content.UG.KTCkvwqMtY	NvhNVkNCcIAQ	, token=
string	androidx.core.content.UG.KTCkvwqMtY	ODgHzLhIff	kotlinx.serialization.PolymorphicSerializer(baseClass: 
string	androidx.core.content.UG.KTCkvwqMtY	OEmyzwxRDQSqYi	ProfileInstaller
string	androidx.core.content.UG.KTCkvwqMtY	OJPgmsTWNBd	negative width
string	androidx.core.content.UG.KTCkvwqMtY	OsX	Shutting down.
string	androidx.core.content.UG.KTCkvwqMtY	RvSkluHNOX	Unexpected default trust managers: 
string	androidx.core.content.UG.KTCkvwqMtY	VtPauJFIL	kotlin.Function4
string	androidx.core.content.UG.KTCkvwqMtY	XLWssOhHIrAq	, Renew=
string	androidx.core.content.UG.KTCkvwqMtY	ZKbTjgNMUHtL	)
string	androidx.core.content.UG.KTCkvwqMtY	ZarWU	Synchronous send timed out, continuing in the background.
string	androidx.core.content.UG.KTCkvwqMtY	bxkihNrXcqJU	_resumed$volatile
string	androidx.core.content.UG.KTCkvwqMtY	ckWSV	Place was called on a node which was placed already
string	androidx.core.content.UG.KTCkvwqMtY	duGGUgBoFCh	first
string	androidx.core.content.UG.KTCkvwqMtY	dzjzcUS	dexopt/baseline.prof
string	androidx.core.content.UG.KTCkvwqMtY	eOuEjAQKBXye	Upsert(field0=
string	androidx.core.content.UG.KTCkvwqMtY	ePF	Error when serializing Date
string	androidx.core.content.UG.KTCkvwqMtY	fHjCmChnKAwHhx	fingerprint
string	androidx.core.content.UG.KTCkvwqMtY	hqjEVJ	Found JPEG segment indicator: 
string	androidx.core.content.UG.KTCkvwqMtY	lOmn	Alignment(horizontal=
string	androidx.core.content.UG.KTCkvwqMtY	lhWOXPFRLKPbl	age
string	androidx.core.content.UG.KTCkvwqMtY	nCY	The task was rejected
string	androidx.core.content.UG.KTCkvwqMtY	nSDmAEK	AccessGranted(flowId=
string	androidx.core.content.UG.KTCkvwqMtY	nUw	timestamp_ms
string	androidx.core.content.UG.KTCkvwqMtY	taITEdFQdGxj	UploadFiles(files=
string	androidx.core.content.UG.KTCkvwqMtY	ufBdzUbJ	DELETE FROM log_event_dropped
string	androidx.core.content.UG.KTCkvwqMtY	vORn	android.speech.extra.PARTIAL_RESULTS
string	androidx.core.content.UG.KTCkvwqMtY	wqGZADPcREOg	isWebSearchEnabled
string	androidx.core.content.UG.KTCkvwqMtY	xNIHz	, but had '
string	androidx.core.content.UG.KTCkvwqMtY	xagoy	Normal
string	androidx.core.view.Kk.HlKWfAU	ATlJTyFRAaSw	Unknown
string	androidx.core.view.Kk.HlKWfAU	AWctADVNrM	androidx.activity.result.contract.action.INTENT_SENDER_REQUEST
string	androidx.core.view.Kk.HlKWfAU	BwhenJIKvQtJrQ	StringAnnotation(value=
string	androidx.core.view.Kk.HlKWfAU	CZOz	, progress=
string	androidx.core.view.Kk.HlKWfAU	Cbh	inputText
string	androidx.core.view.Kk.HlKWfAU	JiBxxLOVCyGaXe	external_payment_dialog_pending_intent
string	androidx.core.view.Kk.HlKWfAU	JjJXab	CANCELLED
string	androidx.core.view.Kk.HlKWfAU	KOB	Unexpected leading comma
string	androidx.core.view.Kk.HlKWfAU	KSkzJFR	Dismiss
string	androidx.core.view.Kk.HlKWfAU	MKW	call to 'resume' before 'invoke' with coroutine
string	androidx.core.view.Kk.HlKWfAU	MbUVUdNvIelYZc	getCurrentScopes
string	androidx.core.view.Kk.HlKWfAU	NxEiCdQIgIt	.%2e
string	androidx.core.view.Kk.HlKWfAU	QarUBHlVjVUPbYx	name
string	androidx.core.view.Kk.HlKWfAU	SENbquhOUrx	#skip returned invalid result: 
string	androidx.core.view.Kk.HlKWfAU	SlUAckuNMLENnK	] onStream
string	androidx.core.view.Kk.HlKWfAU	UcXUikUHBn	true
string	androidx.core.view.Kk.HlKWfAU	YQxFYgZTsZriXvR	height
string	androidx.core.view.Kk.HlKWfAU	bJLxNGHO	A call to createNode(), emitNode() or useNode() expected was not expected
string	androidx.core.view.Kk.HlKWfAU	cmwGpUaioZ	/sbin/ldconfig -p
string	androidx.core.view.Kk.HlKWfAU	dmGxvBd	call to 'resume' before 'invoke' with coroutine
string	androidx.core.view.Kk.HlKWfAU	dwHHdqR	Unknown category: %s
string	androidx.core.view.Kk.HlKWfAU	eGdIqWmacglWdj	5.18.1
string	androidx.core.view.Kk.HlKWfAU	fHaFUx	, horizontalAlignment=
string	androidx.core.view.Kk.HlKWfAU	gcXVbiF	Operation is not supported for read-only collection
string	androidx.core.view.Kk.HlKWfAU	jFgtZ	UTF-8
string	androidx.core.view.Kk.HlKWfAU	jrAVrwqKnLM	android.app
string	androidx.core.view.Kk.HlKWfAU	ljCgU	Fields 
string	androidx.core.view.Kk.HlKWfAU	mfJRBDKS	SnapshotStateMap(value=
string	androidx.core.view.Kk.HlKWfAU	nPoQDuPiP	Unknown SecureRandom error
string	androidx.core.view.Kk.HlKWfAU	npvwbBzR	7002
string	androidx.core.view.Kk.HlKWfAU	nuDVVpyQKir	bookmark
string	androidx.core.view.Kk.HlKWfAU	oKNDj	isModelSelectionEnabled
string	androidx.core.view.Kk.HlKWfAU	oZdHQQt	composer.file_ids
string	androidx.core.view.Kk.HlKWfAU	pqhONinTfqEmWJ	fromIndex=0 toIndex=
string	androidx.core.view.Kk.HlKWfAU	quQIeWV	installmentPlanDetails
string	androidx.core.view.Kk.HlKWfAU	uFNIbFjjY	DSN is required. Use empty string to disable SDK.
string	androidx.core.view.Kk.HlKWfAU	uSvY	, \n prfExtension=
string	androidx.core.view.Kk.HlKWfAU	uWwhPXPW	CookiesData(value=
string	androidx.core.view.Kk.HlKWfAU	wLMfNHtpz	profile
string	androidx.core.view.Kk.HlKWfAU	wvOlIEmtPHy	/
string	androidx.core.view.Kk.HlKWfAU	xhlQFvNoOeo	OpenApprove(value=
string	androidx.core.view.Kk.HlKWfAU	zQDoETBc	null passed to getNativeLibrary
string	androidx.core.view.Kk.ROsxxlynQBYf	AuptJe	UINT64
string	androidx.core.view.Kk.ROsxxlynQBYf	BTFvJMTXqrKsH	 was cancelled
string	androidx.core.view.Kk.ROsxxlynQBYf	CBGdbJcBccTbi	ResetBackupPassword(flowId=
string	androidx.core.view.Kk.ROsxxlynQBYf	GfWXswPXrFmgzYc	call to 'resume' before 'invoke' with coroutine
string	androidx.core.view.Kk.ROsxxlynQBYf	IWBXldPpg	Unable to log.
string	androidx.core.view.Kk.ROsxxlynQBYf	IkQaIqMUx	x
string	androidx.core.view.Kk.ROsxxlynQBYf	JZQqzDSj	Expected beginning of the string, but got 
string	androidx.core.view.Kk.ROsxxlynQBYf	JmVidqsHI	0x%08x
string	androidx.core.view.Kk.ROsxxlynQBYf	JvhGAcloM	textview
string	androidx.core.view.Kk.ROsxxlynQBYf	KXacpqjvA	http
string	androidx.core.view.Kk.ROsxxlynQBYf	KapnizQkAROR	, error=
string	androidx.core.view.Kk.ROsxxlynQBYf	KhwAj	SDK is rate limited. Stopping profiler.
string	androidx.core.view.Kk.ROsxxlynQBYf	MxLMXWvl	StateDescription
string	androidx.core.view.Kk.ROsxxlynQBYf	NTk	com.google.android.gms.common.internal.ICertData
string	androidx.core.view.Kk.ROsxxlynQBYf	NnMU	No permission (ACCESS_NETWORK_STATE) to check network status.
string	androidx.core.view.Kk.ROsxxlynQBYf	OHbcOOq	SINT32
string	androidx.core.view.Kk.ROsxxlynQBYf	PqImWnuppHRrspj	 flow handled: 
string	androidx.core.view.Kk.ROsxxlynQBYf	UPRVJO	OpenAccount
string	androidx.core.view.Kk.ROsxxlynQBYf	VVaeFltDOrUYw	', 
string	androidx.core.view.Kk.ROsxxlynQBYf	WTMmKGFafdDv	ISO-8859-13
string	androidx.core.view.Kk.ROsxxlynQBYf	ZkvxuryaGfNv	EXCLUDE_INTERSECTIONS
string	androidx.core.view.Kk.ROsxxlynQBYf	azDxCX	Default
string	androidx.core.view.Kk.ROsxxlynQBYf	btjomiOLGFck	Activity is null in 
string	androidx.core.view.Kk.ROsxxlynQBYf	cdZigsq	zzk
string	androidx.core.view.Kk.ROsxxlynQBYf	dPDL	 but future completed as timeout expired
string	androidx.core.view.Kk.ROsxxlynQBYf	dUTFX	SensitiveAddressKeys(value=
string	androidx.core.view.Kk.ROsxxlynQBYf	eIU	Uncaught exception received.
string	androidx.core.view.Kk.ROsxxlynQBYf	emlXUDZPpgY	MOBILE_FOTA
string	androidx.core.view.Kk.ROsxxlynQBYf	ewwxZbUL	Unknown variant index for DbCookieOp: 
string	androidx.core.view.Kk.ROsxxlynQBYf	fZOiqhdxSx	NO_PERMISSION
string	androidx.core.view.Kk.ROsxxlynQBYf	gLZFathiszr	 requires Google Play services, but their signature is invalid.
string	androidx.core.view.Kk.ROsxxlynQBYf	gOR	TYPE_PRIORITY length: 
string	androidx.core.view.Kk.ROsxxlynQBYf	ggbpDmGLAP	 object has already been destroyed
string	androidx.core.view.Kk.ROsxxlynQBYf	gqFdPKlJDPR	Cannot find container 
string	androidx.core.view.Kk.ROsxxlynQBYf	iJwRYCeantaNZXy	Cannot generate route pattern from polymorphic class 
string	androidx.core.view.Kk.ROsxxlynQBYf	iTBoz	WebView placeholder
string	androidx.core.view.Kk.ROsxxlynQBYf	joqTeojDNHl	min(II)I
string	androidx.core.view.Kk.ROsxxlynQBYf	nNJGBPrpW	personGivenName
string	androidx.core.view.Kk.ROsxxlynQBYf	nXYJhiVkKEY	ratelimit_backoff
string	androidx.core.view.Kk.ROsxxlynQBYf	qmVgk	) is out of range. Each dimension must be between 0 and 16777215.
string	androidx.core.view.Kk.ROsxxlynQBYf	qtnXXfxqfDfh	throw with null exception
string	androidx.core.view.Kk.ROsxxlynQBYf	rdsnsftdlW	Invalid byte order: 
string	androidx.core.view.Kk.ROsxxlynQBYf	roNKZcyx	ShutdownHook
string	androidx.core.view.Kk.ROsxxlynQBYf	sJehsGPP	Failed to parse the message.
string	androidx.core.view.Kk.ROsxxlynQBYf	sPJtrdZnZRsn	'
string	androidx.core.view.Kk.ROsxxlynQBYf	tOJzGKg	kotlin.reflect.jvm.internal.ReflectionFactoryImpl
string	androidx.core.view.Kk.ROsxxlynQBYf	uxha	tail$volatile
string	androidx.core.view.Kk.ROsxxlynQBYf	vtfHwWzGIYt	Missed recording an endGroup()
string	androidx.core.view.Kk.ROsxxlynQBYf	xHXebk	Unable to rename 
string	androidx.core.view.Kk.ROsxxlynQBYf	ximIZXniW	, offset=
string	androidx.core.view.Kk.ROsxxlynQBYf	yNkVvgnd	onRemoveAccountClick
string	androidx.emoji2.text.eK.cQeARrfWH	Ayngx	250
string	androidx.emoji2.text.eK.cQeARrfWH	AzJDpvRx	ViewParentCompat
string	androidx.emoji2.text.eK.cQeARrfWH	BTCdXEAXg	getAppManagerDataStore(Landroid/content/Context;)Landroidx/datastore/core/DataStore;
string	androidx.emoji2.text.eK.cQeARrfWH	CKO	Navigated(url=
string	androidx.emoji2.text.eK.cQeARrfWH	EVaNFVnlotJahA	okhttp3.
string	androidx.emoji2.text.eK.cQeARrfWH	EcWiWdKOdY	unexpected
string	androidx.emoji2.text.eK.cQeARrfWH	FXiAURB	BillingPlatform
string	androidx.emoji2.text.eK.cQeARrfWH	GOauLpcE	The request's data is null.
string	androidx.emoji2.text.eK.cQeARrfWH	HNFjvCkKGNSSn	Future.cancel() was called.
string	androidx.emoji2.text.eK.cQeARrfWH	HjpHUhy	
string	androidx.emoji2.text.eK.cQeARrfWH	JHizvLBC	ENUM
string	androidx.emoji2.text.eK.cQeARrfWH	JPHHSvg	Context must not be null
string	androidx.emoji2.text.eK.cQeARrfWH	KqVWXdEEvigGOb	RequestAdminApproval(flowId=
string	androidx.emoji2.text.eK.cQeARrfWH	KxiJUurB	DELETE FROM workspec WHERE state IN (2, 3, 5) AND (SELECT COUNT(*)=0 FROM dependency WHERE     prerequisite_id=id AND     work_spec_id NOT IN         (SELECT id FROM workspec WHERE state IN (2, 3, 5)))
string	androidx.emoji2.text.eK.cQeARrfWH	LDB	device.event
string	androidx.emoji2.text.eK.cQeARrfWH	NjI	, metadata=
string	androidx.emoji2.text.eK.cQeARrfWH	PrRWof	PhotometricInterpretation
string	androidx.emoji2.text.eK.cQeARrfWH	QJGjbd	This function should only be used for 2-D focus search
string	androidx.emoji2.text.eK.cQeARrfWH	QmDOid	, deviceName=
string	androidx.emoji2.text.eK.cQeARrfWH	QzjwawxphYucG	paneTitle
string	androidx.emoji2.text.eK.cQeARrfWH	SUmYRnHIZfJZ	NetworkRequestConstraintController onCapabilitiesChanged callback
string	androidx.emoji2.text.eK.cQeARrfWH	SwzTOWkljLzWnTw	Proxy-Authorization
string	androidx.emoji2.text.eK.cQeARrfWH	TiJHywHonLnPys	Found barcode in 
string	androidx.emoji2.text.eK.cQeARrfWH	UfKxeik	` BEGIN UPDATE room_table_modification_log SET invalidated = 1 WHERE table_id = 
string	androidx.emoji2.text.eK.cQeARrfWH	WGCrErwhh	Click
string	androidx.emoji2.text.eK.cQeARrfWH	ZNHJiy	sample_rate
string	androidx.emoji2.text.eK.cQeARrfWH	aRgbLxw	android.support.PARENT_ACTIVITY
string	androidx.emoji2.text.eK.cQeARrfWH	amSuGEfMpX	, isToolsEnabled=
string	androidx.emoji2.text.eK.cQeARrfWH	evuwnWjVHknK	
string	androidx.emoji2.text.eK.cQeARrfWH	gFu	 is an Enum. You should use EnumType instead.
string	androidx.emoji2.text.eK.cQeARrfWH	iyEZn	)
string	androidx.emoji2.text.eK.cQeARrfWH	jfuRtUVtgjf	Got exception while trying to start a purchase flow.
string	androidx.emoji2.text.eK.cQeARrfWH	miYyGEhRQBeFlqN	TERMINATED
string	androidx.emoji2.text.eK.cQeARrfWH	owwQHG	, sessions=
string	androidx.emoji2.text.eK.cQeARrfWH	pAuwv	 to 
string	androidx.emoji2.text.eK.cQeARrfWH	qOHUbDdHUlY	createdAt=
string	androidx.emoji2.text.eK.cQeARrfWH	rZfmVcwxe	Password must have:
string	androidx.emoji2.text.eK.cQeARrfWH	sAjLJvRV	, size=
string	androidx.emoji2.text.eK.cQeARrfWH	sCqDteTjcwyeuQY	FAILURE, cause=[
string	androidx.emoji2.text.eK.cQeARrfWH	sUyRJwo	java.lang.CharSequence
string	androidx.emoji2.text.eK.cQeARrfWH	uhAWbxL	u_blobMorphPhase
string	androidx.emoji2.text.eK.cQeARrfWH	wKOgMTCeXjsvG	Descriptor for type `kotlin.Nothing` does not have elements
string	androidx.emoji2.text.eK.cQeARrfWH	wLcxMgV	Operation is not supported for read-only collection
string	androidx.emoji2.text.eK.cQeARrfWH	wsKOWcH	pendingIntent
string	androidx.emoji2.text.eK.cQeARrfWH	xGSwFEvUU	sign-up
string	androidx.emoji2.text.eK.cQeARrfWH	zXEzofxcsOv	call to 'resume' before 'invoke' with coroutine
string	androidx.glance.appwidget.action.Js.NDUReKqepglGbb	BagKyWD	-
string	androidx.glance.appwidget.action.Js.NDUReKqepglGbb	BgkB	, isSelected=
string	androidx.glance.appwidget.action.Js.NDUReKqepglGbb	Csejeqd	&pt=
string	androidx.glance.appwidget.action.Js.NDUReKqepglGbb	EYTfW	 but not loadable: 
string	androidx.glance.appwidget.action.Js.NDUReKqepglGbb	EymydUxoLzjtWbT	UINT32_LIST
string	androidx.glance.appwidget.action.Js.NDUReKqepglGbb	FjzMwyDEHGbx	GetAll
string	androidx.glance.appwidget.action.Js.NDUReKqepglGbb	JWaMS	external_storage_size
string	androidx.glance.appwidget.action.Js.NDUReKqepglGbb	KtUUbo	unknown
string	androidx.glance.appwidget.action.Js.NDUReKqepglGbb	Kww	Focus mode already set to 
string	androidx.glance.appwidget.action.Js.NDUReKqepglGbb	LJxpBDWNc	k
string	androidx.glance.appwidget.action.Js.NDUReKqepglGbb	MJqN	 {
string	androidx.glance.appwidget.action.Js.NDUReKqepglGbb	OLsNdwW	.
string	androidx.glance.appwidget.action.Js.NDUReKqepglGbb	OzlaEAUmOkscA	LoadUrl(url=
string	androidx.glance.appwidget.action.Js.NDUReKqepglGbb	PiuaBqtOmxt	Number
string	androidx.glance.appwidget.action.Js.NDUReKqepglGbb	SyZn	at index 
string	androidx.glance.appwidget.action.Js.NDUReKqepglGbb	TbIpdifiB	
string	androidx.glance.appwidget.action.Js.NDUReKqepglGbb	TgBRUMC	 does not implement interface method onNestedScroll
string	androidx.glance.appwidget.action.Js.NDUReKqepglGbb	WeLTLKOfx	getResponseCodeFromBundle() got null response code, assuming OK
string	androidx.glance.appwidget.action.Js.NDUReKqepglGbb	WfcmLrM	)
string	androidx.glance.appwidget.action.Js.NDUReKqepglGbb	XbR	, value=
string	androidx.glance.appwidget.action.Js.NDUReKqepglGbb	YMCQkZBFBqAUE	 column 
string	androidx.glance.appwidget.action.Js.NDUReKqepglGbb	YtJq	Injecting essential JavaScript
string	androidx.glance.appwidget.action.Js.NDUReKqepglGbb	ZAkRQ	TraversalIndex
string	androidx.glance.appwidget.action.Js.NDUReKqepglGbb	eATgGqjuCdZzKC	GET_WEB_VIEW_RENDERER
string	androidx.glance.appwidget.action.Js.NDUReKqepglGbb	fhOMXosMreuvGuw	EnterBackupPassword(flowId=
string	androidx.glance.appwidget.action.Js.NDUReKqepglGbb	gEnN	FontProvider.getProvider
string	androidx.glance.appwidget.action.Js.NDUReKqepglGbb	hGWXLZqK	Expected a valid day-of-month for month 
string	androidx.glance.appwidget.action.Js.NDUReKqepglGbb	jBqOoQrtIugYSV	Return type 
string	androidx.glance.appwidget.action.Js.NDUReKqepglGbb	jwMlYRfzttasf	Error while applying EditCommand batch to buffer (length=
string	androidx.glance.appwidget.action.Js.NDUReKqepglGbb	mTYEUfU	TextField
string	androidx.glance.appwidget.action.Js.NDUReKqepglGbb	naOBUv	short
string	androidx.glance.appwidget.action.Js.NDUReKqepglGbb	oEfBzfdGUXTUc	the root navigation
string	androidx.glance.appwidget.action.Js.NDUReKqepglGbb	oYimIpYREKcokQc	Expected 
string	androidx.glance.appwidget.action.Js.NDUReKqepglGbb	pBdEQ	Found @HiltViewModel-annotated class 
string	androidx.glance.appwidget.action.Js.NDUReKqepglGbb	qQwKrCzaCrWX	Operation is not supported for read-only collection
string	androidx.glance.appwidget.action.Js.NDUReKqepglGbb	rXEL	Locale
string	androidx.glance.appwidget.action.Js.NDUReKqepglGbb	tFBMIRRk	Host
string	androidx.glance.appwidget.action.Js.NDUReKqepglGbb	twUghmS	memory_size
string	androidx.glance.appwidget.action.Js.NDUReKqepglGbb	uNSGxLbAO	kotlin.Long
string	androidx.glance.appwidget.action.Js.NDUReKqepglGbb	xDNzLtWsYJYiHY	)
string	androidx.glance.appwidget.action.Js.NDUReKqepglGbb	zpMRruuDTLrSush	ReadyChangePasswordFlowView(userId=
string	androidx.startup.pl.KGvwPrL	GDdKY	onPrimary=
string	androidx.startup.pl.KGvwPrL	GIHtobVlXmD	personMiddleInitial
string	androidx.startup.pl.KGvwPrL	HGBeFfGF	) px/sec
string	androidx.startup.pl.KGvwPrL	KMQr	Unexpected state: 
string	androidx.startup.pl.KGvwPrL	KpXC	, code=
string	androidx.startup.pl.KGvwPrL	NOzfgo	ToggleWebSearch
string	androidx.startup.pl.KGvwPrL	OwKFkIOyFQAkJmU	kotlin.collections.LinkedHashMap
string	androidx.startup.pl.KGvwPrL	QNMyD	profile_lifecycle
string	androidx.startup.pl.KGvwPrL	SHZHEKHcWi	Compose:Composer.dispose
string	androidx.startup.pl.KGvwPrL	TPvSzFH	composer.is_tools_enabled
string	androidx.startup.pl.KGvwPrL	URRoVtKAZS	, end=
string	androidx.startup.pl.KGvwPrL	UugSAmYoStzPEgt	EUC_CN
string	androidx.startup.pl.KGvwPrL	VMyKEarrH	Trying to bind a GmsServiceConnection that was already connected before.  config=
string	androidx.startup.pl.KGvwPrL	ZiQUli	false
string	androidx.startup.pl.KGvwPrL	bvObiivGsX	/data/local/su
string	androidx.startup.pl.KGvwPrL	dXla	inapp
string	androidx.startup.pl.KGvwPrL	dijBWiOwv	account
string	androidx.startup.pl.KGvwPrL	enszxiOUOR	Help
string	androidx.startup.pl.KGvwPrL	iGNIshDJp	, hyphens=
string	androidx.startup.pl.KGvwPrL	icSoQBqae	application/json
string	androidx.startup.pl.KGvwPrL	jAySyHRyQyj	sentry.javascript
string	androidx.startup.pl.KGvwPrL	lJXuLVWiFTPGo	Invalid
string	androidx.startup.pl.KGvwPrL	lzgnKpsOZvfoE	\n
string	androidx.startup.pl.KGvwPrL	mbRLY	FrameMetricsAggregator.stop
string	androidx.startup.pl.KGvwPrL	pYTBrLhbMk	android.hardware.strongbox_keystore
string	androidx.startup.pl.KGvwPrL	pbioPWSC	Activity is null, no transaction captured.
string	androidx.startup.pl.KGvwPrL	sctrLRxIF	, orgLogo=
string	androidx.startup.pl.KGvwPrL	uKOqHromh	ComponentsConfiguration
string	androidx.startup.pl.KGvwPrL	uqkgGzEZ	n
string	androidx.startup.pl.KGvwPrL	usjvlwKSd	SubcomposeLayoutState is not attached to SubcomposeLayout
string	androidx.startup.pl.KGvwPrL	vJLUGBPXBYzmkAF	RadioButton
string	androidx.startup.pl.KGvwPrL	varcddOAeqygoo	, name=
string	androidx.startup.pl.KGvwPrL	vpFwcmmnT	STRUCTURED_APPEND
string	androidx.startup.pl.KGvwPrL	wWaoFGgYqfwzJ	__container
string	androidx.startup.pl.KGvwPrL	zWMjz	OnLongClick
string	androidx.startup.pl.dYzbYyfSlJwXlV	BOPkO	#<redacted>
string	androidx.startup.pl.dYzbYyfSlJwXlV	CwCEXnBzW	launch_external_link_result_receiver
string	androidx.startup.pl.dYzbYyfSlJwXlV	DPRYDbgLSuTo	handleDeepLink() could not extract deepLink from 
string	androidx.startup.pl.dYzbYyfSlJwXlV	DdsW	 
string	androidx.startup.pl.dYzbYyfSlJwXlV	DgoQZC	Connection to 
string	androidx.startup.pl.dYzbYyfSlJwXlV	DkjFWM	font_ttc_index
string	androidx.startup.pl.dYzbYyfSlJwXlV	EODBKY	INTERRUPTED
string	androidx.startup.pl.dYzbYyfSlJwXlV	IAhErPnPFdu	LogEvent(tag=
string	androidx.startup.pl.dYzbYyfSlJwXlV	IQa	, but was '
string	androidx.startup.pl.dYzbYyfSlJwXlV	KqupuOiT	DeleteSurroundingTextCommand(lengthBeforeCursor=
string	androidx.startup.pl.dYzbYyfSlJwXlV	MZYwcbvCsAWstJy	[
string	androidx.startup.pl.dYzbYyfSlJwXlV	NSbc	)
string	androidx.startup.pl.dYzbYyfSlJwXlV	NltuMKXlpgQQLf	woff2
string	androidx.startup.pl.dYzbYyfSlJwXlV	OLhrsbmgRBovaL	SUCCEEDED
string	androidx.startup.pl.dYzbYyfSlJwXlV	Pzw	 different layout ids
string	androidx.startup.pl.dYzbYyfSlJwXlV	QccJHC	SPACER
string	androidx.startup.pl.dYzbYyfSlJwXlV	QohDuVWTwuSl	payload_encoding
string	androidx.startup.pl.dYzbYyfSlJwXlV	RJKujXy	RESULT_INSTALL_SUCCESS
string	androidx.startup.pl.dYzbYyfSlJwXlV	SPeRqtgaI	HEADERS
string	androidx.startup.pl.dYzbYyfSlJwXlV	TEDyNMsso	compose:lazy:prefetch:update_nested_prefetch_count
string	androidx.startup.pl.dYzbYyfSlJwXlV	TRJtGhNXPJMnZIu	END_DOCUMENT
string	androidx.startup.pl.dYzbYyfSlJwXlV	TtoGKnhtaqQ	SpeechRecognizer: onBufferReceived
string	androidx.startup.pl.dYzbYyfSlJwXlV	VPZouOqRaLh	 id=0x
string	androidx.startup.pl.dYzbYyfSlJwXlV	VfgiTKuuM	device_cpu_frequencies
string	androidx.startup.pl.dYzbYyfSlJwXlV	WfFtv	request == null
string	androidx.startup.pl.dYzbYyfSlJwXlV	XkTKQgozdIo	 as the serialized body of float at element: 
string	androidx.startup.pl.dYzbYyfSlJwXlV	XmyrNI	Android interface polyfill result: 
string	androidx.startup.pl.dYzbYyfSlJwXlV	YMIVgoAztcD	Transfer-Encoding
string	androidx.startup.pl.dYzbYyfSlJwXlV	ZwmZfACNdnMOcIo	Protocol message had too many levels of nesting.  May be malicious.  Use setRecursionLimit() to increase the recursion depth limit.
string	androidx.startup.pl.dYzbYyfSlJwXlV	aENm	 x 
string	androidx.startup.pl.dYzbYyfSlJwXlV	cJXSVRNHDdxxG	Couldn't use Java reflection to implement protocol message reflection.
string	androidx.startup.pl.dYzbYyfSlJwXlV	cNyxGi	, supportsTlsExtensions=
string	androidx.startup.pl.dYzbYyfSlJwXlV	cwJsXy	Arrangement#End
string	androidx.startup.pl.dYzbYyfSlJwXlV	dLrqHmLj	)
string	androidx.startup.pl.dYzbYyfSlJwXlV	eiAKbMHlCnR	Loaders:
string	androidx.startup.pl.dYzbYyfSlJwXlV	fsKfvZ	%s (%s) must not be greater than size (%s)
string	androidx.startup.pl.dYzbYyfSlJwXlV	grfYA	AES/GCM/NoPadding
string	androidx.startup.pl.dYzbYyfSlJwXlV	heLRWTVVrZsI	, 
string	androidx.startup.pl.dYzbYyfSlJwXlV	jnux	 is read-only
string	androidx.startup.pl.dYzbYyfSlJwXlV	nMzFRgIsU	io.sentry.session-replay.screenshot-strategy
string	androidx.startup.pl.dYzbYyfSlJwXlV	nvkerA	]
string	androidx.startup.pl.dYzbYyfSlJwXlV	pwHYllj	Prefix
string	androidx.startup.pl.dYzbYyfSlJwXlV	qvHorzhjve	Array size not a multiple of 3
string	androidx.startup.pl.dYzbYyfSlJwXlV	rbkS	SubmitUnlockKeysWithMainPassSignInFlowEvent(id=
string	androidx.startup.pl.dYzbYyfSlJwXlV	tAcYo	Invalid
string	androidx.startup.pl.dYzbYyfSlJwXlV	vRnprd	, jumbo=
string	androidx.startup.pl.dYzbYyfSlJwXlV	xSISkUemKJp	. This is likely due to a circular dependency.
string	androidx.startup.pl.dYzbYyfSlJwXlV	xwPw	onBackClick()V
string	androidx.startup.pl.dYzbYyfSlJwXlV	yGbnNhS	Array is empty.
string	androidx.startup.pl.dYzbYyfSlJwXlV	yoKDvFQYGAWBk	StopInput
string	androidx.startup.pl.dYzbYyfSlJwXlV	ztYPW	composer.is_guest_user
string	androidx.versionedparcelable.stFh.FkuHXL	ARJCnbpICViHrDV	The initial value must not be set to PartiallyExpanded if skipPartiallyExpanded is set to true.
string	androidx.versionedparcelable.stFh.FkuHXL	DLcciv	, quantity=
string	androidx.versionedparcelable.stFh.FkuHXL	DXemQKAnAlV	, proxy=
string	androidx.versionedparcelable.stFh.FkuHXL	EsetmEtwe	JsonObject
string	androidx.versionedparcelable.stFh.FkuHXL	GGtCyjjZExy	transport_contexts
string	androidx.versionedparcelable.stFh.FkuHXL	GyfWIkluHhYb	Operation is not supported for read-only collection
string	androidx.versionedparcelable.stFh.FkuHXL	HDQfRc	)
string	androidx.versionedparcelable.stFh.FkuHXL	IKDqxxXXumM	For StructureKind.CLASS please use 'buildClassSerialDescriptor' instead
string	androidx.versionedparcelable.stFh.FkuHXL	JJSlCTixbGefAx	RelativeHorizontalTo(dx=
string	androidx.versionedparcelable.stFh.FkuHXL	JSQVoLGoz	KeyEvent(nativeKeyEvent=
string	androidx.versionedparcelable.stFh.FkuHXL	KttkUrN	DELETE_FROM_LINE_START
string	androidx.versionedparcelable.stFh.FkuHXL	QvlgjkyrAD	isShowingTextSubstitution
string	androidx.versionedparcelable.stFh.FkuHXL	VAUbr	Renderer process gone (didCrash=
string	androidx.versionedparcelable.stFh.FkuHXL	VkaewKbQemsc	)
string	androidx.versionedparcelable.stFh.FkuHXL	XPY	userId3
string	androidx.versionedparcelable.stFh.FkuHXL	XkzdDbCKJh	Measurable could be only measured from the parent's measure or layout block. Parents state is 
string	androidx.versionedparcelable.stFh.FkuHXL	YMsOnMjnzpzZLO	IOException occurred during reading a value
string	androidx.versionedparcelable.stFh.FkuHXL	ZUTubgUm	Operation is not supported for read-only collection
string	androidx.versionedparcelable.stFh.FkuHXL	aJHCLiW	io.sentry.traces.profiling.lifecycle
string	androidx.versionedparcelable.stFh.FkuHXL	bVlQVWIEj	Difference
string	androidx.versionedparcelable.stFh.FkuHXL	bYViEtKImbQ	Focus search invoked with invalid FocusDirection 
string	androidx.versionedparcelable.stFh.FkuHXL	dMWNaZoLF	span_id
string	androidx.versionedparcelable.stFh.FkuHXL	eCgRZEsIeiDBvJ	0.00
string	androidx.versionedparcelable.stFh.FkuHXL	esSAG	y
string	androidx.versionedparcelable.stFh.FkuHXL	fEMLweuaXYssY	headers
string	androidx.versionedparcelable.stFh.FkuHXL	fZniDFyEHBt	SECURITY_ERR
string	androidx.versionedparcelable.stFh.FkuHXL	foTf	internalTransactionExecutor
string	androidx.versionedparcelable.stFh.FkuHXL	fspxqBEOq	ACTION_INTENT
string	androidx.versionedparcelable.stFh.FkuHXL	hyLbknvJoS	Play Store version installed does not support querying AutoPay plan purchase.
string	androidx.versionedparcelable.stFh.FkuHXL	kZPUmeabdKIFYWf	Check failed.
string	androidx.versionedparcelable.stFh.FkuHXL	lFhdcJqJjOfbW	onSignInWithQrCodeClick
string	androidx.versionedparcelable.stFh.FkuHXL	lqi	android.support.FILE_PROVIDER_PATHS
string	androidx.versionedparcelable.stFh.FkuHXL	mimQy	0123456789ABCDEFGHIJKLMNOPQRSTUVWXYZ-. $/+%abcd*
string	androidx.versionedparcelable.stFh.FkuHXL	oLLqgvYkMxEf	, historical=
string	androidx.versionedparcelable.stFh.FkuHXL	oinbji	ColorProviders(primary=
string	androidx.versionedparcelable.stFh.FkuHXL	rgXfZ	traceContext is required
string	androidx.versionedparcelable.stFh.FkuHXL	sCMFlEsOj	kotlin.Function16
string	androidx.versionedparcelable.stFh.FkuHXL	sKSyJtwMEMd	, end=
string	androidx.versionedparcelable.stFh.FkuHXL	saoJjXymoDLVvGP	JavaScript promise handling error or unexpected result.
string	androidx.versionedparcelable.stFh.FkuHXL	wDukUBRONUrz	, horizontalAlignment=
string	androidx.versionedparcelable.stFh.FkuHXL	wdUcjMZPorM	Missing required field "
string	androidx.versionedparcelable.stFh.FkuHXL	ycgyy	Previous
string	androidx.versionedparcelable.stFh.FkuHXL	zKADANomLuerbZ	quick_response
string	androidx.versionedparcelable.stFh.FkuHXL	zLYNBYtwSbnefg	Proxy-Connection
string	androidx.work.impl.background.systemjob.IKIc.LxhCXM	Aaoortzf	Service was bonded successfully.
string	androidx.work.impl.background.systemjob.IKIc.LxhCXM	CCrikloWudynEdI	Failed to find configured root that contains 
string	androidx.work.impl.background.systemjob.IKIc.LxhCXM	HWwhIkchEUbtfF	, last=
string	androidx.work.impl.background.systemjob.IKIc.LxhCXM	IridBlKroq	DATA
string	androidx.work.impl.background.systemjob.IKIc.LxhCXM	IxJDAhIpPj	Keep-Alive
string	androidx.work.impl.background.systemjob.IKIc.LxhCXM	JFDMMcPR	NULL can't be converted to a integer value
string	androidx.work.impl.background.systemjob.IKIc.LxhCXM	KCQPhspmwjUt	)
string	androidx.work.impl.background.systemjob.IKIc.LxhCXM	ORlx	calling-convention
string	androidx.work.impl.background.systemjob.IKIc.LxhCXM	OwbXciRoMPv	,
string	androidx.work.impl.background.systemjob.IKIc.LxhCXM	PxDEti	zzf
string	androidx.work.impl.background.systemjob.IKIc.LxhCXM	RVZwTDgHbnDBGL	error sending pendingIntent: 
string	androidx.work.impl.background.systemjob.IKIc.LxhCXM	TBswGhTsd	 vs 
string	androidx.work.impl.background.systemjob.IKIc.LxhCXM	VJcgtQbn	)
string	androidx.work.impl.background.systemjob.IKIc.LxhCXM	WIHzWFF	t
string	androidx.work.impl.background.systemjob.IKIc.LxhCXM	XOfcUL	), StorageNotLowProxy (
string	androidx.work.impl.background.systemjob.IKIc.LxhCXM	ZHWTakJvUnPpm	+
string	androidx.work.impl.background.systemjob.IKIc.LxhCXM	ZQSSNrDxHydX	locale
string	androidx.work.impl.background.systemjob.IKIc.LxhCXM	aGyzFOLNzoZ	TextDecoration.None
string	androidx.work.impl.background.systemjob.IKIc.LxhCXM	arGtveDbyFczHT	ALTER TABLE transport_contexts ADD COLUMN extras BLOB
string	androidx.work.impl.background.systemjob.IKIc.LxhCXM	cAondlKHU	enum value
string	androidx.work.impl.background.systemjob.IKIc.LxhCXM	eAiRmoXqfNAOu	Operation is not supported for read-only collection
string	androidx.work.impl.background.systemjob.IKIc.LxhCXM	fJtgSxaSJYt	A duplicate JavaScript interface was provided for "
string	androidx.work.impl.background.systemjob.IKIc.LxhCXM	fshRuHPMRjxE	stacktrace
string	androidx.work.impl.background.systemjob.IKIc.LxhCXM	gBiRW	data
string	androidx.work.impl.background.systemjob.IKIc.LxhCXM	hJcvWCXShbzheAW	Trouble instantiating 
string	androidx.work.impl.background.systemjob.IKIc.LxhCXM	ilOocfbb	Operation is not supported for read-only collection
string	androidx.work.impl.background.systemjob.IKIc.LxhCXM	jrdRHIN	call to 'resume' before 'invoke' with coroutine
string	androidx.work.impl.background.systemjob.IKIc.LxhCXM	lpqouWyBc	Collected %d native events from outbox.
string	androidx.work.impl.background.systemjob.IKIc.LxhCXM	vDBxLKbDtmU	onBackClick()V
string	androidx.work.impl.background.systemjob.IKIc.LxhCXM	vENJdxKPAQPYgpY	, error=
string	androidx.work.impl.background.systemjob.IKIc.LxhCXM	wMQRtXDs	HOME
string	androidx.work.impl.background.systemjob.IKIc.LxhCXM	zGJ	EOF
string	androidx.work.impl.foreground.GaI.lmiCTdlkVQk	AvphpGRGSWSXmj	, constraints=
string	androidx.work.impl.foreground.GaI.lmiCTdlkVQk	ERvZaMYtZHOJEao	ACTION_SET_TEXT
string	androidx.work.impl.foreground.GaI.lmiCTdlkVQk	EgVze	SecondPassword(flowId=
string	androidx.work.impl.foreground.GaI.lmiCTdlkVQk	EvagqAYqEXuu	, 
string	androidx.work.impl.foreground.GaI.lmiCTdlkVQk	HeWCQyjsNjNk	 mWho=
string	androidx.work.impl.foreground.GaI.lmiCTdlkVQk	IKdvGpgUxFjlXh	Reconnection attempt failed.
string	androidx.work.impl.foreground.GaI.lmiCTdlkVQk	IMawAV	OpenDrive
string	androidx.work.impl.foreground.GaI.lmiCTdlkVQk	ITg	--> Human Verification 
string	androidx.work.impl.foreground.GaI.lmiCTdlkVQk	JCxAbKpesC	timestamp
string	androidx.work.impl.foreground.GaI.lmiCTdlkVQk	JKGIQT	op
string	androidx.work.impl.foreground.GaI.lmiCTdlkVQk	LKjrgnD	, userAgent=
string	androidx.work.impl.foreground.GaI.lmiCTdlkVQk	OxZajc	call to 'resume' before 'invoke' with coroutine
string	androidx.work.impl.foreground.GaI.lmiCTdlkVQk	PPhzRSrflbDecg	INSERT OR REPLACE INTO `Preference` (`key`, `long_value`) VALUES (@key, @long_value)
string	androidx.work.impl.foreground.GaI.lmiCTdlkVQk	PeUxJ	Dst
string	androidx.work.impl.foreground.GaI.lmiCTdlkVQk	QqPVChrA	7240
string	androidx.work.impl.foreground.GaI.lmiCTdlkVQk	RVl	CompressedBitsPerPixel
string	androidx.work.impl.foreground.GaI.lmiCTdlkVQk	TgNGhHNgcrhW	, headlineSmallEmphasized=
string	androidx.work.impl.foreground.GaI.lmiCTdlkVQk	VMiYr	 was specified
string	androidx.work.impl.foreground.GaI.lmiCTdlkVQk	VSLoo	, constraints=
string	androidx.work.impl.foreground.GaI.lmiCTdlkVQk	VVVIb	, name='
string	androidx.work.impl.foreground.GaI.lmiCTdlkVQk	YqAZp	io.sentry.screenshot.mask-all-images
string	androidx.work.impl.foreground.GaI.lmiCTdlkVQk	ZmbyYbBsqFjSt	) not found in resource path (
string	androidx.work.impl.foreground.GaI.lmiCTdlkVQk	cLrN	kotlinx.coroutines.channels.defaultBuffer
string	androidx.work.impl.foreground.GaI.lmiCTdlkVQk	dKIzyKJYJ	Shift
string	androidx.work.impl.foreground.GaI.lmiCTdlkVQk	edVaAX	composer.file_type_ordinals
string	androidx.work.impl.foreground.GaI.lmiCTdlkVQk	eiliGqBKszUvHyo	1
string	androidx.work.impl.foreground.GaI.lmiCTdlkVQk	gABcpoNtMfltYoj	Class 
string	androidx.work.impl.foreground.GaI.lmiCTdlkVQk	gVBQXuPfjJKeM	switch
string	androidx.work.impl.foreground.GaI.lmiCTdlkVQk	nMGq	android
string	androidx.work.impl.foreground.GaI.lmiCTdlkVQk	nhziBnAuW	zzf
string	androidx.work.impl.foreground.GaI.lmiCTdlkVQk	nzAdexe	launchAnimation called when previous animation was running
string	androidx.work.impl.foreground.GaI.lmiCTdlkVQk	pxkMIvHFjSd	Window is null in 
string	androidx.work.impl.foreground.GaI.lmiCTdlkVQk	qKthBYdpYDLdMUA	An applicationId is required to fulfill the manifest placeholder.
string	androidx.work.impl.foreground.GaI.lmiCTdlkVQk	sjkIuxXZJslSM	)
string	androidx.work.impl.foreground.GaI.lmiCTdlkVQk	tIHXDQn	UA
string	androidx.work.impl.foreground.GaI.lmiCTdlkVQk	tqKSJH	productId
string	androidx.work.impl.foreground.GaI.lmiCTdlkVQk	ubHZhSgjkxxHyx	value
string	androidx.work.impl.foreground.GaI.lmiCTdlkVQk	ucGHFRNQUSWDfi	}
string	androidx.work.impl.foreground.GaI.lmiCTdlkVQk	vXsTApxfDrVZox	MESSAGE
string	androidx.work.impl.foreground.GaI.lmiCTdlkVQk	yHqqXVqNTT	CustomLumoDto(id=
string	androidx.work.impl.foreground.GaI.lmiCTdlkVQk	zgWLqzdPJY	transport_name
string	androidx.work.impl.foreground.GaI.lmiCTdlkVQk	zteXtcE	SidebarLayout(width=
string	androidx.work.impl.foreground.GaI.uOKfpWqrsoWAVq	AHfy	Could not delete file
string	androidx.work.impl.foreground.GaI.uOKfpWqrsoWAVq	BpTeaPOQgAt	name
string	androidx.work.impl.foreground.GaI.uOKfpWqrsoWAVq	CyJN	family
string	androidx.work.impl.foreground.GaI.uOKfpWqrsoWAVq	DqzeYSHztGXkZ	, name=
string	androidx.work.impl.foreground.GaI.uOKfpWqrsoWAVq	GhSFVgzZ	.ttf
string	androidx.work.impl.foreground.GaI.uOKfpWqrsoWAVq	HkUZG	 does not match required extension for Preferences file: preferences_pb
string	androidx.work.impl.foreground.GaI.uOKfpWqrsoWAVq	KPbPYc	, password=
string	androidx.work.impl.foreground.GaI.uOKfpWqrsoWAVq	LljpatTcwl	android:view_registry_state
string	androidx.work.impl.foreground.GaI.uOKfpWqrsoWAVq	MPntpJajFKNSa	peekLong
string	androidx.work.impl.foreground.GaI.uOKfpWqrsoWAVq	MbJOwxnfFhTXI	" of length 
string	androidx.work.impl.foreground.GaI.uOKfpWqrsoWAVq	ORBJgzy	.framework
string	androidx.work.impl.foreground.GaI.uOKfpWqrsoWAVq	OTNzm	, loading=
string	androidx.work.impl.foreground.GaI.uOKfpWqrsoWAVq	PrNobPfX	centerY
string	androidx.work.impl.foreground.GaI.uOKfpWqrsoWAVq	QwhtISIKS	AnimatedBackground
string	androidx.work.impl.foreground.GaI.uOKfpWqrsoWAVq	SCilTdRk	TLS_ECDH_RSA_WITH_3DES_EDE_CBC_SHA
string	androidx.work.impl.foreground.GaI.uOKfpWqrsoWAVq	SPWcMLD	Removed[
string	androidx.work.impl.foreground.GaI.uOKfpWqrsoWAVq	Satv	selector
string	androidx.work.impl.foreground.GaI.uOKfpWqrsoWAVq	SsfAjJ	UINT32
string	androidx.work.impl.foreground.GaI.uOKfpWqrsoWAVq	TKoUHJVD	tag
string	androidx.work.impl.foreground.GaI.uOKfpWqrsoWAVq	TmEFlhdt	Start observing flow events
string	androidx.work.impl.foreground.GaI.uOKfpWqrsoWAVq	TnH	TRUE
string	androidx.work.impl.foreground.GaI.uOKfpWqrsoWAVq	URgSJosEbOGsRRH	IayckHiZRO1EFl1aGoK
string	androidx.work.impl.foreground.GaI.uOKfpWqrsoWAVq	XPdUBQAFsjAlBf	org.eclipse.jetty.alpn.ALPN
string	androidx.work.impl.foreground.GaI.uOKfpWqrsoWAVq	XrhLSdUHUZNz	.  You must have the following declaration within the <application> element:     <meta-data android:name="com.google.android.gms.version" android:value="@integer/google_play_services_version" />
string	androidx.work.impl.foreground.GaI.uOKfpWqrsoWAVq	XzVwN	, onTertiary=
string	androidx.work.impl.foreground.GaI.uOKfpWqrsoWAVq	bKD	Capturing profile chunk: %s
string	androidx.work.impl.foreground.GaI.uOKfpWqrsoWAVq	cxF	File %s is not a File.
string	androidx.work.impl.foreground.GaI.uOKfpWqrsoWAVq	dIAgkGevzKv	ResetBackupPassword(flowId=
string	androidx.work.impl.foreground.GaI.uOKfpWqrsoWAVq	eovKtSPLbVq	.
string	androidx.work.impl.foreground.GaI.uOKfpWqrsoWAVq	epCFhntslbTishj	NETWORK_CAPABILITIES_CHANGED
string	androidx.work.impl.foreground.GaI.uOKfpWqrsoWAVq	fGDwSC	Unexpected state: 
string	androidx.work.impl.foreground.GaI.uOKfpWqrsoWAVq	fLjkRmmxnG	no-transform, 
string	androidx.work.impl.foreground.GaI.uOKfpWqrsoWAVq	heVWFzKnlKySQXY	SsoMemberApprovalRequest(userId=
string	androidx.work.impl.foreground.GaI.uOKfpWqrsoWAVq	iJGSXRPJbj	No ViewModelStoreOwner was provided via LocalViewModelStoreOwner
string	androidx.work.impl.foreground.GaI.uOKfpWqrsoWAVq	jwtgRyQTqJjDmIk	)
string	androidx.work.impl.foreground.GaI.uOKfpWqrsoWAVq	lHl	boolean[]
string	androidx.work.impl.foreground.GaI.uOKfpWqrsoWAVq	pbmfsBWfq	debug_meta
string	androidx.work.impl.foreground.GaI.uOKfpWqrsoWAVq	qojMXCmgPFi	KEY_NOTIFICATION_ID
string	androidx.work.impl.foreground.GaI.uOKfpWqrsoWAVq	sShpUDH	UNKNOWN
string	androidx.work.impl.foreground.GaI.uOKfpWqrsoWAVq	uNxm	SHOULD_BUFFER
string	androidx.work.impl.foreground.GaI.uOKfpWqrsoWAVq	vCDmJHgEfZsUp	, username=
string	androidx.work.impl.foreground.GaI.uOKfpWqrsoWAVq	zbwOtnXeeuZcn	, flags=
string	androidx.work.impl.foreground.GaI.uOKfpWqrsoWAVq	zuryaxxLmhO	Unable to delete previous session file: %s
string	com.google.android.gms.common.annotation.IC.FNEFMIpGFuHK	AXIbKawvTCMe	NotificationManagerCompat
string	com.google.android.gms.common.annotation.IC.FNEFMIpGFuHK	BKKoiQKgFB	; boundsInWindow: 
string	com.google.android.gms.common.annotation.IC.FNEFMIpGFuHK	CwSwbfERA	parent composition reference not set
string	com.google.android.gms.common.annotation.IC.FNEFMIpGFuHK	EkELAjzGrprD	com.google.android.gms.common.internal.ClientSettings.sessionId
string	com.google.android.gms.common.annotation.IC.FNEFMIpGFuHK	JmxTyMFhHZ	/dev/
string	com.google.android.gms.common.annotation.IC.FNEFMIpGFuHK	LAShbKOCKxaOHt	UINT64_LIST_PACKED
string	com.google.android.gms.common.annotation.IC.FNEFMIpGFuHK	LPHKeImqicvzL	IsLeft: 
string	com.google.android.gms.common.annotation.IC.FNEFMIpGFuHK	LdxV	DOUB
string	com.google.android.gms.common.annotation.IC.FNEFMIpGFuHK	MVdWd	mHidden=
string	com.google.android.gms.common.annotation.IC.FNEFMIpGFuHK	MkJrr	truncation_reason
string	com.google.android.gms.common.annotation.IC.FNEFMIpGFuHK	PYerdYhJQrHS	Palette(isDark=
string	com.google.android.gms.common.annotation.IC.FNEFMIpGFuHK	PqzkxrB	Background ANR
string	com.google.android.gms.common.annotation.IC.FNEFMIpGFuHK	QSZkXvUGdvXza	RESULT_DELETE_SKIP_FILE_SUCCESS
string	com.google.android.gms.common.annotation.IC.FNEFMIpGFuHK	SJOYD	A
string	com.google.android.gms.common.annotation.IC.FNEFMIpGFuHK	SMbAqoUOLYcSoj	Make
string	com.google.android.gms.common.annotation.IC.FNEFMIpGFuHK	TpK	
string	com.google.android.gms.common.annotation.IC.FNEFMIpGFuHK	UGhPIxQHoBTHvBU	
string	com.google.android.gms.common.annotation.IC.FNEFMIpGFuHK	UfNkQBkx	CREATE TABLE IF NOT EXISTS `_new_SystemIdInfo` (\n            `work_spec_id` TEXT NOT NULL, \n            `generation` INTEGER NOT NULL DEFAULT 0, \n            `system_id` INTEGER NOT NULL, \n            PRIMARY KEY(`work_spec_id`, `generation`), \n            FOREIGN KEY(`work_spec_id`) REFERENCES `WorkSpec`(`id`) \n                ON UPDATE CASCADE ON DELETE CASCADE )
string	com.google.android.gms.common.annotation.IC.FNEFMIpGFuHK	VRsAWPc	com.google.android.finsky.permission.PLAY_BILLING_LIBRARY_BROADCAST
string	com.google.android.gms.common.annotation.IC.FNEFMIpGFuHK	ZcSaQ	)
string	com.google.android.gms.common.annotation.IC.FNEFMIpGFuHK	aDOM	x^
string	com.google.android.gms.common.annotation.IC.FNEFMIpGFuHK	aXkFjD	 marker will not be written
string	com.google.android.gms.common.annotation.IC.FNEFMIpGFuHK	ajUA	Startup Crash marker exists, blocking flush.
string	com.google.android.gms.common.annotation.IC.FNEFMIpGFuHK	baR	next_schedule_time_override_generation
string	com.google.android.gms.common.annotation.IC.FNEFMIpGFuHK	bsNJsieGTSotVN	SettingsScreenProfileButton
string	com.google.android.gms.common.annotation.IC.FNEFMIpGFuHK	cUrejIJ	{
string	com.google.android.gms.common.annotation.IC.FNEFMIpGFuHK	cuzyRST	 in 
string	com.google.android.gms.common.annotation.IC.FNEFMIpGFuHK	dmItb	ShutterSpeedValue
string	com.google.android.gms.common.annotation.IC.FNEFMIpGFuHK	elUtETlB	android.intent.extra.PROCESS_TEXT_READONLY
string	com.google.android.gms.common.annotation.IC.FNEFMIpGFuHK	esDEHezshM	User-Agent
string	com.google.android.gms.common.annotation.IC.FNEFMIpGFuHK	fOjmTmD	ANR: main thread ANR threshold reached
string	com.google.android.gms.common.annotation.IC.FNEFMIpGFuHK	gIiTRa	ShadowElevation(soft=
string	com.google.android.gms.common.annotation.IC.FNEFMIpGFuHK	gblAO	BiasAbsoluteAlignment(horizontalBias=
string	com.google.android.gms.common.annotation.IC.FNEFMIpGFuHK	hbubVHYX	super
string	com.google.android.gms.common.annotation.IC.FNEFMIpGFuHK	hiPTbjYuQCPxn	sentry:eventDropReason
string	com.google.android.gms.common.annotation.IC.FNEFMIpGFuHK	hnFitX	CLOSED
string	com.google.android.gms.common.annotation.IC.FNEFMIpGFuHK	hpgJm	 to BackoffPolicy
string	com.google.android.gms.common.annotation.IC.FNEFMIpGFuHK	itIepSuKmOz	SubmitSsoSelfApprovalFlowEvent(id=
string	com.google.android.gms.common.annotation.IC.FNEFMIpGFuHK	jpGTSYUJy	WEB_VIEW_RENDERER_TERMINATE
string	com.google.android.gms.common.annotation.IC.FNEFMIpGFuHK	lEAUcbH	Error while stopping profiling: 
string	com.google.android.gms.common.annotation.IC.FNEFMIpGFuHK	lLf	\n
string	com.google.android.gms.common.annotation.IC.FNEFMIpGFuHK	lbclPtIwquH	Client does not support extra params.
string	com.google.android.gms.common.annotation.IC.FNEFMIpGFuHK	oHISsmcYgUIxyqv	androidx.appcompat.widget.LinearLayoutCompat
string	com.google.android.gms.common.annotation.IC.FNEFMIpGFuHK	pPxcRsrZLA	production
string	com.google.android.gms.common.annotation.IC.FNEFMIpGFuHK	pUam	max-stale=
string	com.google.android.gms.common.annotation.IC.FNEFMIpGFuHK	rkbZfBPIfUKKya	ScrollView can host only one direct child
string	com.google.android.gms.common.annotation.IC.FNEFMIpGFuHK	tgmZGMHLy	sign-in flow handled: 
string	com.google.android.gms.common.annotation.IC.FNEFMIpGFuHK	uPfyRFwENXaMY	device
string	com.google.android.gms.common.annotation.IC.FNEFMIpGFuHK	vroVJdFRyIrg	tags
string	com.google.android.gms.common.annotation.IC.FNEFMIpGFuHK	zAaOEGUCXDPX	)
string	com.google.android.gms.common.annotation.IC.FNEFMIpGFuHK	zMIusJ	UTF-8
string	com.google.android.gms.common.annotation.IC.WUPjJKqeHEbGM	AEjqLJlzeUZyiG	Calling injectSignupPlanParamFix from onPageStarted for URL: 
string	com.google.android.gms.common.annotation.IC.WUPjJKqeHEbGM	BgnLDWmfsGhkA	arrayBaseOffset
string	com.google.android.gms.common.annotation.IC.WUPjJKqeHEbGM	DGzHQxPcc	extraData
string	com.google.android.gms.common.annotation.IC.WUPjJKqeHEbGM	DNW	CreatePasswordNavKey(flowId=
string	com.google.android.gms.common.annotation.IC.WUPjJKqeHEbGM	DmTfIOMd	CodedInputStream encountered an embedded string or message which claimed to have negative size.
string	com.google.android.gms.common.annotation.IC.WUPjJKqeHEbGM	GDRYl	SensorLeftBorder
string	com.google.android.gms.common.annotation.IC.WUPjJKqeHEbGM	HbxXXWjwE	Pictures/Lumo
string	com.google.android.gms.common.annotation.IC.WUPjJKqeHEbGM	IWe	)
string	com.google.android.gms.common.annotation.IC.WUPjJKqeHEbGM	IeimJsCVwqQIPx	)
string	com.google.android.gms.common.annotation.IC.WUPjJKqeHEbGM	IvxylhHnk	Cannot get LayoutCoordinates, Modifier.Node is not attached.
string	com.google.android.gms.common.annotation.IC.WUPjJKqeHEbGM	JDNaaPxHHBDHj	p
string	com.google.android.gms.common.annotation.IC.WUPjJKqeHEbGM	JYUBybm	Previous session file already exists, deleting it.
string	com.google.android.gms.common.annotation.IC.WUPjJKqeHEbGM	LqGzWsTupGA	EEE, dd-MMM-yyyy HH:mm:ss z
string	com.google.android.gms.common.annotation.IC.WUPjJKqeHEbGM	LuA	in-app-includes
string	com.google.android.gms.common.annotation.IC.WUPjJKqeHEbGM	NEgngCVLOfQKP	, alg=
string	com.google.android.gms.common.annotation.IC.WUPjJKqeHEbGM	OxsEGkDiXRP	MOBILE
string	com.google.android.gms.common.annotation.IC.WUPjJKqeHEbGM	QLxNIPWMFQl	Ignoring intent 
string	com.google.android.gms.common.annotation.IC.WUPjJKqeHEbGM	Rie	Error reading entity from scope cache: %s
string	com.google.android.gms.common.annotation.IC.WUPjJKqeHEbGM	TOYk	Reconnection succeeded with result: 
string	com.google.android.gms.common.annotation.IC.WUPjJKqeHEbGM	UVkZITp	window
string	com.google.android.gms.common.annotation.IC.WUPjJKqeHEbGM	WedgFn	value is required
string	com.google.android.gms.common.annotation.IC.WUPjJKqeHEbGM	XFfgeV	Exception during lenientFormat for 
string	com.google.android.gms.common.annotation.IC.WUPjJKqeHEbGM	XJZPCyhw	Check failed.
string	com.google.android.gms.common.annotation.IC.WUPjJKqeHEbGM	XMTBWSKwzEKKOq	)
string	com.google.android.gms.common.annotation.IC.WUPjJKqeHEbGM	XiBaBdGhtwYFUtR	GetInfo(isStrongboxSupported=
string	com.google.android.gms.common.annotation.IC.WUPjJKqeHEbGM	XrI	(
string	com.google.android.gms.common.annotation.IC.WUPjJKqeHEbGM	elbxfD	Big5
string	com.google.android.gms.common.annotation.IC.WUPjJKqeHEbGM	gmJpa	DataStore scope was cancelled before updateData could complete
string	com.google.android.gms.common.annotation.IC.WUPjJKqeHEbGM	goiTCyE	Expected start=
string	com.google.android.gms.common.annotation.IC.WUPjJKqeHEbGM	iZy	obfuscatedProfileId
string	com.google.android.gms.common.annotation.IC.WUPjJKqeHEbGM	kBOxl	g46
string	com.google.android.gms.common.annotation.IC.WUPjJKqeHEbGM	laUD	Expected valid boolean literal prefix, but had '
string	com.google.android.gms.common.annotation.IC.WUPjJKqeHEbGM	oVNsxy	[UNINITIALIZED]
string	com.google.android.gms.common.annotation.IC.WUPjJKqeHEbGM	pESGZHKpFAA	Can't change tag of fragment 
string	com.google.android.gms.common.annotation.IC.WUPjJKqeHEbGM	pJJFsxUnkpFunz	dsn
string	com.google.android.gms.common.annotation.IC.WUPjJKqeHEbGM	vAnGqNhRVwBFo	, textFieldSelectionState=
string	com.google.android.gms.common.annotation.IC.WUPjJKqeHEbGM	xiYiACwlhJTIbFL	android.permission.CAMERA
string	com.google.android.gms.common.annotation.IC.WUPjJKqeHEbGM	yTXjzEBRtHnHMn	auto.ui
string	com.google.android.gms.common.annotation.IC.WUPjJKqeHEbGM	zFRYNHMCPLejqzW	last_tombstone_report
string	com.google.android.gms.common.annotation.IC.WUPjJKqeHEbGM	zytYuf	slow_frame_renders
string	com.google.android.gms.common.api.oZ.mHcsDxWxf	CZP	com.google.app.id
string	com.google.android.gms.common.api.oZ.mHcsDxWxf	GXoI	endTimestamp
string	com.google.android.gms.common.api.oZ.mHcsDxWxf	JYyDDix	second
string	com.google.android.gms.common.api.oZ.mHcsDxWxf	KJJGMhSNFtZaIFC	androidx.browser.customtabs.extra.ENABLE_EPHEMERAL_BROWSING
string	com.google.android.gms.common.api.oZ.mHcsDxWxf	LHulGxGjZfcFNc	)
string	com.google.android.gms.common.api.oZ.mHcsDxWxf	LXATVJkcJ	null
string	com.google.android.gms.common.api.oZ.mHcsDxWxf	MwPD	BYTE
string	com.google.android.gms.common.api.oZ.mHcsDxWxf	NuawE	name == null
string	com.google.android.gms.common.api.oZ.mHcsDxWxf	OnAZkaqqFK	LONG
string	com.google.android.gms.common.api.oZ.mHcsDxWxf	PhsYdURgJL	JSON must have only one top-level value.
string	com.google.android.gms.common.api.oZ.mHcsDxWxf	QySlxSoDx	RESUME
string	com.google.android.gms.common.api.oZ.mHcsDxWxf	REia	Font weight can be in range [1, 1000]. Current value: 
string	com.google.android.gms.common.api.oZ.mHcsDxWxf	TQsVWzvtEbTmfoQ	UTF-8
string	com.google.android.gms.common.api.oZ.mHcsDxWxf	VPUwiSNbLw	 startDestination=
string	com.google.android.gms.common.api.oZ.mHcsDxWxf	XgUbajheDY	activity.load
string	com.google.android.gms.common.api.oZ.mHcsDxWxf	bCNSOXOxusmmrRw	SSOSubmitResponseTokenFlowEvent(id=
string	com.google.android.gms.common.api.oZ.mHcsDxWxf	bvOhKvCfKg	Cannot set the rounded corner of views before Api 31.
string	com.google.android.gms.common.api.oZ.mHcsDxWxf	cOawCZvGj	getTextSelectionRange(Landroidx/compose/ui/semantics/SemanticsPropertyReceiver;)J
string	com.google.android.gms.common.api.oZ.mHcsDxWxf	dQaYzAWVDGf	java.io.tmpdir
string	com.google.android.gms.common.api.oZ.mHcsDxWxf	dXrrYkjppKzZ	Cannot encode a second value in the ValueEncoderContext
string	com.google.android.gms.common.api.oZ.mHcsDxWxf	fNRr	EUR
string	com.google.android.gms.common.api.oZ.mHcsDxWxf	gdNq	DisplaySmallEmphasized
string	com.google.android.gms.common.api.oZ.mHcsDxWxf	guQJxITokffwi	ROOM
string	com.google.android.gms.common.api.oZ.mHcsDxWxf	jVKbzin	Vertical
string	com.google.android.gms.common.api.oZ.mHcsDxWxf	jkFtYq	Method 
string	com.google.android.gms.common.api.oZ.mHcsDxWxf	mlqTxLhjgZK	:443...
string	com.google.android.gms.common.api.oZ.mHcsDxWxf	nCFOaeutqhylM	memory_size
string	com.google.android.gms.common.api.oZ.mHcsDxWxf	nlapbNIlcHhof	Transport backend '
string	com.google.android.gms.common.api.oZ.mHcsDxWxf	qjW	runtime
string	com.google.android.gms.common.api.oZ.mHcsDxWxf	rcvpyXNY	)
string	com.google.android.gms.common.api.oZ.mHcsDxWxf	snQYQLLmK	name
string	com.google.android.gms.common.api.oZ.mHcsDxWxf	szlrLTrnEdWzq	lateinit property 
string	com.google.android.gms.common.api.oZ.mHcsDxWxf	vbIxuN	710
string	com.google.android.gms.common.api.oZ.mHcsDxWxf	xdtxxODsLRHZFdB	, found 
string	com.google.android.gms.common.api.oZ.mHcsDxWxf	ygSMSBJhVsL	Failed to delete '%s' %s
string	com.google.android.gms.common.api.oZ.mHcsDxWxf	zdcPErmmsYXAHI	Operation is not supported for read-only collection
string	com.google.android.gms.common.api.oZ.mHcsDxWxf	zpTclZYRzTpS	, autoMetadata=
string	com.google.android.gms.common.api.oZ.mHcsDxWxf	zqLLKQod	Value case is null.
string	com.google.android.gms.common.internal.vz.MzYnnrkzScTVen	ABfJpcXNBGW	, 
string	com.google.android.gms.common.internal.vz.MzYnnrkzScTVen	AKFdLfNLVmesu	BILLING_API_VERSION_KEY
string	com.google.android.gms.common.internal.vz.MzYnnrkzScTVen	DNjtroouTavkU	Operation is not supported for read-only collection
string	com.google.android.gms.common.internal.vz.MzYnnrkzScTVen	FYiqLk	navigationBarsIgnoringVisibility
string	com.google.android.gms.common.internal.vz.MzYnnrkzScTVen	GSSxMt	ConnectBilling
string	com.google.android.gms.common.internal.vz.MzYnnrkzScTVen	Gtp	
string	com.google.android.gms.common.internal.vz.MzYnnrkzScTVen	JRYQ	trace_tag
string	com.google.android.gms.common.internal.vz.MzYnnrkzScTVen	MOxNjcYqOLo	
string	com.google.android.gms.common.internal.vz.MzYnnrkzScTVen	MdCBULP	debug_meta
string	com.google.android.gms.common.internal.vz.MzYnnrkzScTVen	NsTHT	androidx.activity.result.contract.extra.PERMISSION_GRANT_RESULTS
string	com.google.android.gms.common.internal.vz.MzYnnrkzScTVen	PHJaka	integrations
string	com.google.android.gms.common.internal.vz.MzYnnrkzScTVen	SmcYfwBlAUQVI	InputValidationResult(isOptional=
string	com.google.android.gms.common.internal.vz.MzYnnrkzScTVen	SrYIlmRRvxIJX	)
string	com.google.android.gms.common.internal.vz.MzYnnrkzScTVen	TrfOFSyvCdcOe	None
string	com.google.android.gms.common.internal.vz.MzYnnrkzScTVen	UBCQKcFmgNX	FragmentManager
string	com.google.android.gms.common.internal.vz.MzYnnrkzScTVen	UWTAoE	NOT_CROSSED
string	com.google.android.gms.common.internal.vz.MzYnnrkzScTVen	WFevsKvdhnGwdG	Thinking
string	com.google.android.gms.common.internal.vz.MzYnnrkzScTVen	WHPnOGWvS	All commands completed in dispatcher
string	com.google.android.gms.common.internal.vz.MzYnnrkzScTVen	XCrU	ROUTE
string	com.google.android.gms.common.internal.vz.MzYnnrkzScTVen	XExdDwuiptd	Timed out committing the Session-Id cookie; continuing with the load.
string	com.google.android.gms.common.internal.vz.MzYnnrkzScTVen	YbJBYUXCefDw	, attachedFiles=
string	com.google.android.gms.common.internal.vz.MzYnnrkzScTVen	cgrw	schedule_requested_at
string	com.google.android.gms.common.internal.vz.MzYnnrkzScTVen	dCYtaNs	environment.json
string	com.google.android.gms.common.internal.vz.MzYnnrkzScTVen	edykg	CREATE TEMP TRIGGER IF NOT EXISTS 
string	com.google.android.gms.common.internal.vz.MzYnnrkzScTVen	gnTH	CreateInternalUsernameContentDomainDropdown
string	com.google.android.gms.common.internal.vz.MzYnnrkzScTVen	hECCGqKmGOm	Loading
string	com.google.android.gms.common.internal.vz.MzYnnrkzScTVen	hMA	Operation is not supported for read-only collection
string	com.google.android.gms.common.internal.vz.MzYnnrkzScTVen	hVsMbMQ	dist
string	com.google.android.gms.common.internal.vz.MzYnnrkzScTVen	iSruizorXFGr	Java Native Access (JNA)
string	com.google.android.gms.common.internal.vz.MzYnnrkzScTVen	kYZOwhRIgpjNdrd	app.start.cold
string	com.google.android.gms.common.internal.vz.MzYnnrkzScTVen	lOLXAAdq	_state$volatile
string	com.google.android.gms.common.internal.vz.MzYnnrkzScTVen	mvOTXxezxul	handled
string	com.google.android.gms.common.internal.vz.MzYnnrkzScTVen	nwNGVyCK	 instead of 
string	com.google.android.gms.common.internal.vz.MzYnnrkzScTVen	pRpjdaJkFFohjO	AndroidTest
string	com.google.android.gms.common.internal.vz.MzYnnrkzScTVen	rqI	MainActivity
string	com.google.android.gms.common.internal.vz.MzYnnrkzScTVen	sVoHTLBm	Failed to start SystemEventsBreadcrumbsIntegration on executor thread.
string	com.google.android.gms.common.internal.vz.MzYnnrkzScTVen	tPA	Processing Envelope with %d item(s)
string	com.google.android.gms.common.internal.vz.MzYnnrkzScTVen	uGYVKEMfxr	)
string	com.google.android.play.core.common.ODD.jrzea	CDaiKiyxCNbt	LaunchBiometricsCheck(resolver=
string	com.google.android.play.core.common.ODD.jrzea	DIiK	android.intent.action.LOCALE_CHANGED
string	com.google.android.play.core.common.ODD.jrzea	DzpAjwRTCOYAt	null
string	com.google.android.play.core.common.ODD.jrzea	EPoTOLb	)
string	com.google.android.play.core.common.ODD.jrzea	FOZLUsXPNrmM	queue_overflow
string	com.google.android.play.core.common.ODD.jrzea	FchwCT	gZ7gPn8qFjyZuPtATOmLoWQ78
string	com.google.android.play.core.common.ODD.jrzea	GHQWr	Outbox path is null, skipping native event collection.
string	com.google.android.play.core.common.ODD.jrzea	HdX	, showEmail=
string	com.google.android.play.core.common.ODD.jrzea	HftZ	 mUserVisibleHint=
string	com.google.android.play.core.common.ODD.jrzea	KJqp	)
string	com.google.android.play.core.common.ODD.jrzea	KgA	PENDING
string	com.google.android.play.core.common.ODD.jrzea	LMiPEvEnUx	-
string	com.google.android.play.core.common.ODD.jrzea	OSadvJd	Operation is not supported for read-only collection
string	com.google.android.play.core.common.ODD.jrzea	PPNnbLnSb	getObject
string	com.google.android.play.core.common.ODD.jrzea	PSPT	Cannot collect column names for debug purposes
string	com.google.android.play.core.common.ODD.jrzea	QRP	rc
string	com.google.android.play.core.common.ODD.jrzea	RFQMEpfOO	, disabledTextColor=
string	com.google.android.play.core.common.ODD.jrzea	RipdLdoPaeDjiV	FOREGROUND_SERVICE
string	com.google.android.play.core.common.ODD.jrzea	TDgzFQCUQYUt	<init>
string	com.google.android.play.core.common.ODD.jrzea	VsZPsbWQHGIWce	type
string	com.google.android.play.core.common.ODD.jrzea	ZCKTYozICQynVvb	unreflectSpecial
string	com.google.android.play.core.common.ODD.jrzea	ZHNvhzZFaeZbe	AnimationResult(endReason=
string	com.google.android.play.core.common.ODD.jrzea	dUEgXdMbKb	
string	com.google.android.play.core.common.ODD.jrzea	dYCz	trace
string	com.google.android.play.core.common.ODD.jrzea	gedII	PA
string	com.google.android.play.core.common.ODD.jrzea	hEstCQyJR	SubscriptionComponent
string	com.google.android.play.core.common.ODD.jrzea	iErBA	Unknown variant index for AttestationConveyancePreference: 
string	com.google.android.play.core.common.ODD.jrzea	kktUpqzFxDQxrb	)
string	com.google.android.play.core.common.ODD.jrzea	lYfAlZJGCGUIgd	StartHostConfirmsQrFlowEvent(userId=
string	com.google.android.play.core.common.ODD.jrzea	mXijDCaIOHCBkSq	sample_rate
string	com.google.android.play.core.common.ODD.jrzea	mtrZOdBwrsXfenx	, paragraphSyle=
string	com.google.android.play.core.common.ODD.jrzea	nAUtsjz	, isComposed = 
string	com.google.android.play.core.common.ODD.jrzea	ndlVMJPPpbn	public-key
string	com.google.android.play.core.common.ODD.jrzea	oROLTynBaUyaTO	.dp)
string	com.google.android.play.core.common.ODD.jrzea	pGuEib	 or 0.0
string	com.google.android.play.core.common.ODD.jrzea	pnuLqZBQIivDOw	Instance is disabled and this 'captureException' call is a no-op.
string	com.google.android.play.core.common.ODD.jrzea	qhjIPF	unexpected end of stream
string	com.google.android.play.core.common.ODD.jrzea	sbikcCkDiJfR	PageRight
string	com.google.android.play.core.common.ODD.jrzea	tWdPAAknaqEAxH	, configFlags=
string	com.google.android.play.core.common.ODD.jrzea	twudcAvUohrgWWI	category
string	com.google.android.play.core.common.ODD.jrzea	uLgLjDTeRThcRl	PasswordReset
string	com.google.android.play.core.common.ODD.jrzea	uuaGSuXbVI	ResourceFont(resId=
string	com.google.android.play.core.common.ODD.jrzea	vsKSbEr	, extraExtraLarge=
string	com.google.android.play.core.common.ODD.jrzea	xywHGohAHiXKQy	Strategy.HighQuality
string	com.google.android.play.core.common.ODD.jrzea	yrimYIMthCEyEqn	, \n googleMultiAssertionExtension=
string	com.google.android.play.core.common.ODD.jrzea	zLVHmeesZClFIb	callingCode
string	io.sentry.android.core.internal.util.dEiH.DkSDdkwoVOzkh	CDxlZCcZRyce	Event deduplication is disabled.
string	io.sentry.android.core.internal.util.dEiH.DkSDdkwoVOzkh	EEY	qd0
string	io.sentry.android.core.internal.util.dEiH.DkSDdkwoVOzkh	Epii	Illegal state exception calling speechRecognizer.startListening
string	io.sentry.android.core.internal.util.dEiH.DkSDdkwoVOzkh	FWogFwXAiazp	transfer-encoding
string	io.sentry.android.core.internal.util.dEiH.DkSDdkwoVOzkh	FqCUTxWVmApOX	, lastActivityTime=
string	io.sentry.android.core.internal.util.dEiH.DkSDdkwoVOzkh	INeostvhTkenBSg	image/*
string	io.sentry.android.core.internal.util.dEiH.DkSDdkwoVOzkh	LVZhQybEI	No System TLS: 
string	io.sentry.android.core.internal.util.dEiH.DkSDdkwoVOzkh	OTzM	X
string	io.sentry.android.core.internal.util.dEiH.DkSDdkwoVOzkh	OZsdkjgPUp	(
string	io.sentry.android.core.internal.util.dEiH.DkSDdkwoVOzkh	OuPqFwf	The Sentry SDK has been configured with mixed versions. Expected %s to match core SDK version %s but was %s
string	io.sentry.android.core.internal.util.dEiH.DkSDdkwoVOzkh	PMOePvSoMShGPfj	Unexpected leading comma
string	io.sentry.android.core.internal.util.dEiH.DkSDdkwoVOzkh	QEIxELqAQ	state
string	io.sentry.android.core.internal.util.dEiH.DkSDdkwoVOzkh	RnIecpfzRpJeKV	OrBuilderList
string	io.sentry.android.core.internal.util.dEiH.DkSDdkwoVOzkh	Svyah	Cycle
string	io.sentry.android.core.internal.util.dEiH.DkSDdkwoVOzkh	TPQDzPlm	shape
string	io.sentry.android.core.internal.util.dEiH.DkSDdkwoVOzkh	WBsUHQGTdOC	TW
string	io.sentry.android.core.internal.util.dEiH.DkSDdkwoVOzkh	WgUzaKOK	)
string	io.sentry.android.core.internal.util.dEiH.DkSDdkwoVOzkh	YaCCYMTYgOPZl	, passwordValidation=
string	io.sentry.android.core.internal.util.dEiH.DkSDdkwoVOzkh	ZFYXN	\n}
string	io.sentry.android.core.internal.util.dEiH.DkSDdkwoVOzkh	cAfqL	AppColors(primary=
string	io.sentry.android.core.internal.util.dEiH.DkSDdkwoVOzkh	cFxBQRlbfluB	Unexpected end of document
string	io.sentry.android.core.internal.util.dEiH.DkSDdkwoVOzkh	cqyfxSD	android.view
string	io.sentry.android.core.internal.util.dEiH.DkSDdkwoVOzkh	eBb	android:support:activity-result
string	io.sentry.android.core.internal.util.dEiH.DkSDdkwoVOzkh	etpyBq	Received exception while registering network callback
string	io.sentry.android.core.internal.util.dEiH.DkSDdkwoVOzkh	gIaEZwWuEOEyF	[]
string	io.sentry.android.core.internal.util.dEiH.DkSDdkwoVOzkh	hPNLcfniXFfFJF	JPEGInterchangeFormatLength
string	io.sentry.android.core.internal.util.dEiH.DkSDdkwoVOzkh	hvnOjwdlaM	)
string	io.sentry.android.core.internal.util.dEiH.DkSDdkwoVOzkh	iIsYPWFDJcCYgP	Dagger map bindings are immutable
string	io.sentry.android.core.internal.util.dEiH.DkSDdkwoVOzkh	mmDTNw	EXTRA_APPWIDGET_ID
string	io.sentry.android.core.internal.util.dEiH.DkSDdkwoVOzkh	nPO	, forkId=
string	io.sentry.android.core.internal.util.dEiH.DkSDdkwoVOzkh	onDBmjQCfNGx	ASYNC_WEBVIEW_STARTUP_ASYNC_STARTUP_LOCATIONS
string	io.sentry.android.core.internal.util.dEiH.DkSDdkwoVOzkh	sEOWMB	Container
string	io.sentry.android.core.internal.util.dEiH.DkSDdkwoVOzkh	sMY	Scope sync addBreadcrumb has an error.
string	io.sentry.android.core.internal.util.dEiH.DkSDdkwoVOzkh	ssL	productId
string	io.sentry.android.core.internal.util.dEiH.DkSDdkwoVOzkh	wlGkOsganhebsE	instance cannot be null
string	io.sentry.android.core.internal.util.dEiH.DkSDdkwoVOzkh	xgKaRzDftaEQIDu	, 
string	io.sentry.android.core.internal.util.dEiH.DkSDdkwoVOzkh	xxtjIJZliFJxB	, drawPadding=
string	io.sentry.android.core.internal.util.dEiH.DkSDdkwoVOzkh	yBnJXbEMGscMVX	, iconDisabled=
string	io.sentry.android.core.internal.util.dEiH.DkSDdkwoVOzkh	zJRwghVPAZW	Operation is not supported for read-only collection
string	io.sentry.backpressure.xirv.RZhwmdLRs	ATPF	cacheDirPath is null, returning NoOpEnvelopeCache
string	io.sentry.backpressure.xirv.RZhwmdLRs	BPLKaJyW	country
string	io.sentry.backpressure.xirv.RZhwmdLRs	BVFftB	.ocx
string	io.sentry.backpressure.xirv.RZhwmdLRs	CBJic	 to OutOfQuotaPolicy
string	io.sentry.backpressure.xirv.RZhwmdLRs	CIlP	Cannot read metadata.
string	io.sentry.backpressure.xirv.RZhwmdLRs	CjxOPEcMvUPz	Close
string	io.sentry.backpressure.xirv.RZhwmdLRs	EXhpTG	FragmentManager is already executing transactions
string	io.sentry.backpressure.xirv.RZhwmdLRs	FsecfOKZDWvyTSl	Required SETTINGS preface not received
string	io.sentry.backpressure.xirv.RZhwmdLRs	GAgJOTKFwHzh	. Available creators: 
string	io.sentry.backpressure.xirv.RZhwmdLRs	GMqKUIozkUV	transaction_name
string	io.sentry.backpressure.xirv.RZhwmdLRs	HRxIPoZ	Expected size 
string	io.sentry.backpressure.xirv.RZhwmdLRs	LfVn	classes_to_restore
string	io.sentry.backpressure.xirv.RZhwmdLRs	MjPXUBH	, featureFlags=
string	io.sentry.backpressure.xirv.RZhwmdLRs	QSlLejvkRG	_id
string	io.sentry.backpressure.xirv.RZhwmdLRs	ShzgCUP	thread.id
string	io.sentry.backpressure.xirv.RZhwmdLRs	SrVxBZhBKjPEi	ANR
string	io.sentry.backpressure.xirv.RZhwmdLRs	UeQuFTQljJZKV	SendCachedEnvelopeIntegration, not trying to send after closing.
string	io.sentry.backpressure.xirv.RZhwmdLRs	XjaBunHaADbRth	
string	io.sentry.backpressure.xirv.RZhwmdLRs	YJRkcylZTwH	Instantiate 
string	io.sentry.backpressure.xirv.RZhwmdLRs	ZXPLeYvInQCD	function-mapper
string	io.sentry.backpressure.xirv.RZhwmdLRs	ackSMkCHJnvwCag	Unknown variant index for ErrorKind: 
string	io.sentry.backpressure.xirv.RZhwmdLRs	dOwLcpYmmr	auto.http.spring.webmvc
string	io.sentry.backpressure.xirv.RZhwmdLRs	ewQ	frameRate
string	io.sentry.backpressure.xirv.RZhwmdLRs	gKAY	Select COUNT(*) FROM workspec WHERE LENGTH(content_uri_triggers)<>0 AND state NOT IN (2, 3, 5)
string	io.sentry.backpressure.xirv.RZhwmdLRs	giAUwW	onSessionMigration
string	io.sentry.backpressure.xirv.RZhwmdLRs	gyHiTCbI	, eventId=
string	io.sentry.backpressure.xirv.RZhwmdLRs	hOCaFPMKuMuXEL	ThumbnailImage
string	io.sentry.backpressure.xirv.RZhwmdLRs	jXRNPTSnak	, actionLabel=null, duration=
string	io.sentry.backpressure.xirv.RZhwmdLRs	lfq	flowId
string	io.sentry.backpressure.xirv.RZhwmdLRs	mrXkJykyYiNW	7011
string	io.sentry.backpressure.xirv.RZhwmdLRs	nBzPZeg	\n
string	io.sentry.backpressure.xirv.RZhwmdLRs	nIgGVfsZTM	nav-entry-state:saved-state
string	io.sentry.backpressure.xirv.RZhwmdLRs	pOGz	Null wallClock
string	io.sentry.backpressure.xirv.RZhwmdLRs	parcDsuzdXWf	call to 'resume' before 'invoke' with coroutine
string	io.sentry.backpressure.xirv.RZhwmdLRs	rIsS	/lite/space/
string	io.sentry.backpressure.xirv.RZhwmdLRs	tnUozBzLR	
string	io.sentry.backpressure.xirv.RZhwmdLRs	uwu	SSOConfirmAdminHelp(value=
string	io.sentry.backpressure.xirv.RZhwmdLRs	vaJNSylTwinUr	android:user_visible_hint
string	io.sentry.backpressure.xirv.RZhwmdLRs	whQCgVRIIIFnImM	enable-cache-tracing
string	io.sentry.backpressure.xirv.RZhwmdLRs	wyRvwmHcwNUDlP	payload
string	io.sentry.backpressure.xirv.RZhwmdLRs	xCRBMWeXsuD	, contentKey=
string	io.sentry.backpressure.xirv.RZhwmdLRs	xRISFmTjWwwY	timestamp
string	io.sentry.backpressure.xirv.RZhwmdLRs	xkJkzgjsJDQCZ	Verifying
string	io.sentry.backpressure.xirv.RZhwmdLRs	xoUoycksWfeqI	BroadcastReceiver execution failed
string	io.sentry.backpressure.xirv.RZhwmdLRs	yIYVZXIIMaL	
string	io.sentry.backpressure.xirv.RZhwmdLRs	ytGUfYwlX	FragmentManager
string	io.sentry.backpressure.xirv.RZhwmdLRs	zQyLdhsEA	InvoiceID
string	io.sentry.backpressure.xirv.RZhwmdLRs	zSZkietKGQYQP	onBeginEditing()V
string	io.sentry.exception.LCR.UqzRoQPIlctp	AGQMtOVqaaM	min
string	io.sentry.exception.LCR.UqzRoQPIlctp	BrGDzjQ	, modelTier=
string	io.sentry.exception.LCR.UqzRoQPIlctp	EzuMFAPIiHkUw	Native library not initialized
string	io.sentry.exception.LCR.UqzRoQPIlctp	FCPdKrJDEgWqt	, letterSpacing=
string	io.sentry.exception.LCR.UqzRoQPIlctp	FpWlsoFGgBO	[
string	io.sentry.exception.LCR.UqzRoQPIlctp	GSM	' in the buffer.
string	io.sentry.exception.LCR.UqzRoQPIlctp	GmSlfjDFrN	getContentCaptureSessionCompat(Landroid/view/View;)Landroidx/compose/ui/contentcapture/ContentCaptureSessionWrapper;
string	io.sentry.exception.LCR.UqzRoQPIlctp	HfmmqoxSpaC	Notifications disabled; skipping op=
string	io.sentry.exception.LCR.UqzRoQPIlctp	Iqss	profile
string	io.sentry.exception.LCR.UqzRoQPIlctp	JSmdHS	List
string	io.sentry.exception.LCR.UqzRoQPIlctp	KyQL	{anonymous EditCommand}
string	io.sentry.exception.LCR.UqzRoQPIlctp	LdxtlXA	android.intent.action.BATTERY_CHANGED
string	io.sentry.exception.LCR.UqzRoQPIlctp	NWhavHalxSzghIX	BackgroundModifier(colorProvider=
string	io.sentry.exception.LCR.UqzRoQPIlctp	NgGAjzeIjoa	Clip
string	io.sentry.exception.LCR.UqzRoQPIlctp	Nyw	, scannerSquareSizeDp=
string	io.sentry.exception.LCR.UqzRoQPIlctp	QVZMFx	Updating proxies: (BatteryNotLowProxy (
string	io.sentry.exception.LCR.UqzRoQPIlctp	RTyd	Not possible to read external files directory
string	io.sentry.exception.LCR.UqzRoQPIlctp	RYmecgxNzQ	  #
string	io.sentry.exception.LCR.UqzRoQPIlctp	SKeXArRSfq	Reading path 
string	io.sentry.exception.LCR.UqzRoQPIlctp	UVQtOdxWDVlAO	_cur$volatile
string	io.sentry.exception.LCR.UqzRoQPIlctp	YQELCyQ	]G0
string	io.sentry.exception.LCR.UqzRoQPIlctp	aOYZKFIBGk	SetupRecoveryMethodUiModel(email=
string	io.sentry.exception.LCR.UqzRoQPIlctp	ceRuDNKLCxP	, huge=
string	io.sentry.exception.LCR.UqzRoQPIlctp	dahj	The transaction is already finished. Data %s cannot be set
string	io.sentry.exception.LCR.UqzRoQPIlctp	dfjKVwbuuEOkYrD	 contents="
string	io.sentry.exception.LCR.UqzRoQPIlctp	ecWfxLgmQ	OTHER
string	io.sentry.exception.LCR.UqzRoQPIlctp	fWRhUNFE	lumo-lite
string	io.sentry.exception.LCR.UqzRoQPIlctp	gtzVGIoR	online
string	io.sentry.exception.LCR.UqzRoQPIlctp	htsqRctLELImD	} Fragments (
string	io.sentry.exception.LCR.UqzRoQPIlctp	hwkLrJ	Operation is not supported for read-only collection
string	io.sentry.exception.LCR.UqzRoQPIlctp	kWbf	MESSAGE
string	io.sentry.exception.LCR.UqzRoQPIlctp	lwabEOiaQoWhXjv	ProtonSemiTransparentLoadingBox
string	io.sentry.exception.LCR.UqzRoQPIlctp	mUVXznSBPIlMNv	sentry-external-modules.txt
string	io.sentry.exception.LCR.UqzRoQPIlctp	oIxsAHZaFRk	PAID
string	io.sentry.exception.LCR.UqzRoQPIlctp	popABibP	ty
string	io.sentry.exception.LCR.UqzRoQPIlctp	sZfCkRCFOJy	INFO
string	io.sentry.exception.LCR.UqzRoQPIlctp	soiAwbMiFvm	tryShowContextMenu-k-4lQ0M(J)V
string	io.sentry.exception.LCR.UqzRoQPIlctp	vJwKyioisevbF	country_code
string	io.sentry.exception.LCR.UqzRoQPIlctp	xColp	POLYMORPHIC
string	io.sentry.exception.LCR.UqzRoQPIlctp	xdefij	Parcel data not fully consumed, unread size: 
string	io.sentry.exception.LCR.UqzRoQPIlctp	yfc	ScrollToIndex
string	io.sentry.exception.LCR.UqzRoQPIlctp	zWjqmTOIosrnTg	Unknown unit: 
string	io.sentry.exception.LCR.UqzRoQPIlctp	zfHIexXG	OUT_OF_RANGE
string	io.sentry.exception.LCR.UqzRoQPIlctp	zkTaTneqvouFace	Unable to log.
string	io.sentry.exception.LCR.kFXSUXjIAlD	AZZunEsbTIe	PurchaseUpdated(purchase=
string	io.sentry.exception.LCR.kFXSUXjIAlD	FMMQWUDBCnhNI	The transfer function must be increasing
string	io.sentry.exception.LCR.kFXSUXjIAlD	FyahEkLvEpSeYM	Injecting signup URL modifier JavaScript
string	io.sentry.exception.LCR.kFXSUXjIAlD	HaEnvaiCOIoaI	commit already called
string	io.sentry.exception.LCR.kFXSUXjIAlD	IeYJEbvNyHLujY	\n
string	io.sentry.exception.LCR.kFXSUXjIAlD	JmWOaJnaAJeMLmK	User
string	io.sentry.exception.LCR.kFXSUXjIAlD	KSHiYEqurwKSUkI	FailedTerminal(userId=
string	io.sentry.exception.LCR.kFXSUXjIAlD	NFkrgVL	)
string	io.sentry.exception.LCR.kFXSUXjIAlD	NrZUoBI	, currentPassword=
string	io.sentry.exception.LCR.kFXSUXjIAlD	PjGGDgMiLGFrhY	ChangeAiModel(aiModel=
string	io.sentry.exception.LCR.kFXSUXjIAlD	QpQ	, deeplink=
string	io.sentry.exception.LCR.kFXSUXjIAlD	TQmkujHsXDEQB	kotlin.jvm.functions.Function13
string	io.sentry.exception.LCR.kFXSUXjIAlD	TQpeSIlIVvgJMHd	Handing stopWork work for 
string	io.sentry.exception.LCR.kFXSUXjIAlD	VDYVVf	 but was 
string	io.sentry.exception.LCR.kFXSUXjIAlD	XQhCUxYz	, manager=
string	io.sentry.exception.LCR.kFXSUXjIAlD	XUz	call to 'resume' before 'invoke' with coroutine
string	io.sentry.exception.LCR.kFXSUXjIAlD	YFrUCTsp	, value=
string	io.sentry.exception.LCR.kFXSUXjIAlD	aAMJJIl	android.view.View
string	io.sentry.exception.LCR.kFXSUXjIAlD	aAXLrfmsj	GetOne(value=
string	io.sentry.exception.LCR.kFXSUXjIAlD	ayIeQ	, cycleDescription=
string	io.sentry.exception.LCR.kFXSUXjIAlD	dFBuFS	 [
string	io.sentry.exception.LCR.kFXSUXjIAlD	dbfysCGq	Operation is not supported for read-only collection
string	io.sentry.exception.LCR.kFXSUXjIAlD	dcjZAyfeOyzymIi	CodedInputStream encountered a malformed varint.
string	io.sentry.exception.LCR.kFXSUXjIAlD	getCYwluTc	model
string	io.sentry.exception.LCR.kFXSUXjIAlD	gxZHKuGfEv	}
string	io.sentry.exception.LCR.kFXSUXjIAlD	hnyYlQwl	No extra pages
string	io.sentry.exception.LCR.kFXSUXjIAlD	knKFNfFtrCI	Error getting package info.
string	io.sentry.exception.LCR.kFXSUXjIAlD	lEA	Intent Sender result delivered for unknown Fragment 
string	io.sentry.exception.LCR.kFXSUXjIAlD	lxysP	SELECT * FROM workspec WHERE state=0 AND schedule_requested_at=-1 ORDER BY last_enqueue_time LIMIT (SELECT MAX(?-COUNT(*), 0) FROM workspec WHERE schedule_requested_at<>-1 AND LENGTH(content_uri_triggers)=0 AND state NOT IN (2, 3, 5))
string	io.sentry.exception.LCR.kFXSUXjIAlD	qTwrXGXacmmPLSb	, got 
string	io.sentry.exception.LCR.kFXSUXjIAlD	qoyyw	replayExpiration=
string	io.sentry.exception.LCR.kFXSUXjIAlD	rdm	DEADLINE_EXCEEDED
string	io.sentry.exception.LCR.kFXSUXjIAlD	sGubZka	Type
string	io.sentry.exception.LCR.kFXSUXjIAlD	sLINnAytU	, brush=
string	io.sentry.exception.LCR.kFXSUXjIAlD	uTZQjFzMXF	ProcessCommand
string	io.sentry.exception.LCR.kFXSUXjIAlD	xSi	 to State
string	io.sentry.exception.LCR.kFXSUXjIAlD	yajgXXhyB	window
string	io.sentry.exception.LCR.kFXSUXjIAlD	zxmduPjg	height
string	io.sentry.logger.TK.GJPsTokL	DxQc	Could not convert 
string	io.sentry.logger.TK.GJPsTokL	EpcFm	CreationExtras must have a value by `SAVED_STATE_REGISTRY_OWNER_KEY`
string	io.sentry.logger.TK.GJPsTokL	FBZLs	com.google.android.gms
string	io.sentry.logger.TK.GJPsTokL	FEEOElBlwNP	true
string	io.sentry.logger.TK.GJPsTokL	FTbCKVBVu	4305
string	io.sentry.logger.TK.GJPsTokL	FujJNRI	OneTimePasswordFormAuthenticateButton
string	io.sentry.logger.TK.GJPsTokL	FuteLVFJFFpYm	UINT64_LIST_PACKED
string	io.sentry.logger.TK.GJPsTokL	GbGg	Collection contains no element matching the predicate.
string	io.sentry.logger.TK.GJPsTokL	HPMa	, textClassification=
string	io.sentry.logger.TK.GJPsTokL	MOLgoZa	flowId
string	io.sentry.logger.TK.GJPsTokL	MqVlzv	 mMenuVisible=
string	io.sentry.logger.TK.GJPsTokL	PGsxgzQg	androidx.compose.ui.semantics.testTag
string	io.sentry.logger.TK.GJPsTokL	PTJ	INAPP_DATA_SIGNATURE_LIST
string	io.sentry.logger.TK.GJPsTokL	RcLrqMyJ	DecodeFailed
string	io.sentry.logger.TK.GJPsTokL	RlzetSozmbqJp	Cannot locate NavType for argument [
string	io.sentry.logger.TK.GJPsTokL	SEzqlISiNZLCdZ	GetLastError() returned 
string	io.sentry.logger.TK.GJPsTokL	SbrzwHzymUegBH	An internal error occurred.
string	io.sentry.logger.TK.GJPsTokL	TEcPNgPhQ	environment
string	io.sentry.logger.TK.GJPsTokL	UJQEUgON	'. has no header delimiter.
string	io.sentry.logger.TK.GJPsTokL	UWB	Capacity must be a positive value.
string	io.sentry.logger.TK.GJPsTokL	UyVzRmRVKrMt	)
string	io.sentry.logger.TK.GJPsTokL	YjGMy	free_memory
string	io.sentry.logger.TK.GJPsTokL	Yztpq	, transition=
string	io.sentry.logger.TK.GJPsTokL	albxmetTDGQ	PointerHoverIconModifierElement(icon=
string	io.sentry.logger.TK.GJPsTokL	bIBKSwFnnnW	app_identifier
string	io.sentry.logger.TK.GJPsTokL	bPbiIxPZbH	Proxy.address() is not an InetSocketAddress: 
string	io.sentry.logger.TK.GJPsTokL	egpezmOXHWvfC	CodedInputStream encountered an embedded string or message which claimed to have negative size.
string	io.sentry.logger.TK.GJPsTokL	gytt	: 
string	io.sentry.logger.TK.GJPsTokL	hnfrTGksrPJpDvW	FHCRC
string	io.sentry.logger.TK.GJPsTokL	igvImUYLVSxIW	)
string	io.sentry.logger.TK.GJPsTokL	ipDapOBGlym	Cannot be cancelling child in this state: 
string	io.sentry.logger.TK.GJPsTokL	juRZHB	r
string	io.sentry.logger.TK.GJPsTokL	sAOWKA	0
string	io.sentry.logger.TK.GJPsTokL	tJUcrd	kotlin.jvm.internal.CharCompanionObject
string	io.sentry.logger.TK.GJPsTokL	uTmOauPPrcf	 content=
string	io.sentry.logger.TK.GJPsTokL	vNjj	
string	io.sentry.ndk.tho.oTGaIOW	AJvnYhycRnsb	mips64el
string	io.sentry.ndk.tho.oTGaIOW	ALwoetl	InputBackupPasswordNavKey(flowId=
string	io.sentry.ndk.tho.oTGaIOW	CepdDtK	application_build
string	io.sentry.ndk.tho.oTGaIOW	DPWuCbL	SSOSubmitInitialBackupPasswordFlowEvent(id=
string	io.sentry.ndk.tho.oTGaIOW	DiSIRqPV	,mode=
string	io.sentry.ndk.tho.oTGaIOW	ELJtVV	java.lang.Double
string	io.sentry.ndk.tho.oTGaIOW	FQyCZqZBWXMlbeG	 ms after scheduled time)
string	io.sentry.ndk.tho.oTGaIOW	GosR	, interactionNorm=
string	io.sentry.ndk.tho.oTGaIOW	GpNtn	orderId
string	io.sentry.ndk.tho.oTGaIOW	GtEnXTpjwnYNXzn	BillingLogger
string	io.sentry.ndk.tho.oTGaIOW	GwUu	Loaded(isProcessing=
string	io.sentry.ndk.tho.oTGaIOW	HJaLzrlrzVMHd	, decorations=
string	io.sentry.ndk.tho.oTGaIOW	JugizGeG	COMPLETED
string	io.sentry.ndk.tho.oTGaIOW	LeMu	io.sentry.android.distribution.DistributionIntegration
string	io.sentry.ndk.tho.oTGaIOW	LqVRmT	DESKTOP
string	io.sentry.ndk.tho.oTGaIOW	Mgxl	android.intent.action.DEVICE_STORAGE_LOW
string	io.sentry.ndk.tho.oTGaIOW	OKgxDGcpGTV	CODE_39
string	io.sentry.ndk.tho.oTGaIOW	ORdzJlhs	ml
string	io.sentry.ndk.tho.oTGaIOW	OnrFbiXfkb	powerpc64
string	io.sentry.ndk.tho.oTGaIOW	RrXQV	ExifInterface
string	io.sentry.ndk.tho.oTGaIOW	UDHSZWy	)
string	io.sentry.ndk.tho.oTGaIOW	UapcpzHggE	), prevOffset=
string	io.sentry.ndk.tho.oTGaIOW	bRDLqBTxGH	is_enable_app_start_profiling
string	io.sentry.ndk.tho.oTGaIOW	fKXrGWObIql	, useShakeGesture=
string	io.sentry.ndk.tho.oTGaIOW	gicXNaoOJCM	IndexForKey
string	io.sentry.ndk.tho.oTGaIOW	hOhSTgDoLN	transaction
string	io.sentry.ndk.tho.oTGaIOW	hopLbUWBJxhk	GET_VARIATIONS_HEADER
string	io.sentry.ndk.tho.oTGaIOW	iDTKpTfdmT	SINT32_LIST
string	io.sentry.ndk.tho.oTGaIOW	kvOLxiOv	RESULT_IO_EXCEPTION
string	io.sentry.ndk.tho.oTGaIOW	ljkwcI	AES/GCM/NoPadding
string	io.sentry.ndk.tho.oTGaIOW	ltXkDgkN	)
string	io.sentry.ndk.tho.oTGaIOW	neEhiLzzvhYiSuI	FAILURE, cause=[
string	io.sentry.ndk.tho.oTGaIOW	nezKXuA	NetworkBreadcrumbsIntegration enabled: %s
string	io.sentry.ndk.tho.oTGaIOW	qOnkeVLkgD	jna.library.path
string	io.sentry.ndk.tho.oTGaIOW	qxIl	getParent
string	io.sentry.ndk.tho.oTGaIOW	qyhilRq	, dy1=
string	io.sentry.ndk.tho.oTGaIOW	tfDAECzYVkUKG	state
string	io.sentry.ndk.tho.oTGaIOW	ugng	Operation is not supported for read-only collection
string	io.sentry.ndk.tho.oTGaIOW	vNPBJeBcs	)
string	io.sentry.ndk.tho.oTGaIOW	vfyhepp	Index:
string	io.sentry.ndk.tho.oTGaIOW	vjg	CornerMedium
string	io.sentry.ndk.tho.oTGaIOW	yFMDtXqbv	tm
string	io.sentry.ndk.tho.oTGaIOW	yWObx	UNMETERED_ONLY
string	io.sentry.ndk.tho.oTGaIOW	yfoRDzSi	 images. Lottie should primarily be used with shapes. If you are using Adobe Illustrator, convert the Illustrator layers to shape layers.
string	io.sentry.ndk.tho.oTGaIOW	yysy	SSOUserCode(value=
string	io.sentry.rrweb.sW.SWIUvAmQgjPI	AjyLiWdzJnKL	onHumanVerificationResponse(Lme/proton/android/account/humanverification/ui/webview/HV3ResponseMessage;)Lkotlinx/coroutines/Job;
string	io.sentry.rrweb.sW.SWIUvAmQgjPI	AvVtyYoAaK	PendingAdminApprovalNavKey(flowId=
string	io.sentry.rrweb.sW.SWIUvAmQgjPI	BCCEZiGSaUDyvZy	, isQrCodeSignInVisible=
string	io.sentry.rrweb.sW.SWIUvAmQgjPI	BSujBn	Serializer is required.
string	io.sentry.rrweb.sW.SWIUvAmQgjPI	CzleIUEiQ	IsContainer
string	io.sentry.rrweb.sW.SWIUvAmQgjPI	DBnijBpwdtlJnpP	v
string	io.sentry.rrweb.sW.SWIUvAmQgjPI	DVRrNOjNjwDqCQ	DOCUMENT_START_SCRIPT
string	io.sentry.rrweb.sW.SWIUvAmQgjPI	DimB	view == null
string	io.sentry.rrweb.sW.SWIUvAmQgjPI	FKYuKwUmHEVeg	UNKNOWN
string	io.sentry.rrweb.sW.SWIUvAmQgjPI	FwAigtvqY	This function should only be used for 2-D focus search
string	io.sentry.rrweb.sW.SWIUvAmQgjPI	GiO	maxIntrinsicHeight(I)I
string	io.sentry.rrweb.sW.SWIUvAmQgjPI	JdiWaS	PayloadInfo(key=
string	io.sentry.rrweb.sW.SWIUvAmQgjPI	JkOMc	Job is still new or active: 
string	io.sentry.rrweb.sW.SWIUvAmQgjPI	LmtaDcqZDgpSqa	StartChangePasswordFlowEvent(userId=
string	io.sentry.rrweb.sW.SWIUvAmQgjPI	OGfKUTkdvh	Unsatisfiable Request (only-if-cached)
string	io.sentry.rrweb.sW.SWIUvAmQgjPI	OGvVD	Expected numeric literal
string	io.sentry.rrweb.sW.SWIUvAmQgjPI	OOCpwYdrTxggqaO	sensor
string	io.sentry.rrweb.sW.SWIUvAmQgjPI	RVQFXZGOHJV	ImageVector.Builder is single use, create a new instance to create a new ImageVector
string	io.sentry.rrweb.sW.SWIUvAmQgjPI	TIwwsUXZ	,\n
string	io.sentry.rrweb.sW.SWIUvAmQgjPI	VbVvAQAfvn	 contents="
string	io.sentry.rrweb.sW.SWIUvAmQgjPI	WeFnqkzPIuos	TextField
string	io.sentry.rrweb.sW.SWIUvAmQgjPI	XoCRmIbBet	[
string	io.sentry.rrweb.sW.SWIUvAmQgjPI	YFmvmDlBz	Delete(value=
string	io.sentry.rrweb.sW.SWIUvAmQgjPI	ZDDscyaZVq	buffer(
string	io.sentry.rrweb.sW.SWIUvAmQgjPI	bDOuDKmhebloC	DENY
string	io.sentry.rrweb.sW.SWIUvAmQgjPI	bklSMOrr	.ttf
string	io.sentry.rrweb.sW.SWIUvAmQgjPI	bsrZc	UNRECOGNIZED
string	io.sentry.rrweb.sW.SWIUvAmQgjPI	cGqTzHTHE	TYPE_RST_STREAM unexpected error code: 
string	io.sentry.rrweb.sW.SWIUvAmQgjPI	cldYMvlO	strokeAlpha
string	io.sentry.rrweb.sW.SWIUvAmQgjPI	gBYogTLKcp	_decisionAndIndex$volatile
string	io.sentry.rrweb.sW.SWIUvAmQgjPI	hVKimE	Manager(value=
string	io.sentry.rrweb.sW.SWIUvAmQgjPI	jFNuWfCJ	No lock directory was provided.
string	io.sentry.rrweb.sW.SWIUvAmQgjPI	jRsPEelGqxsep	reschedule_needed
string	io.sentry.rrweb.sW.SWIUvAmQgjPI	lmTQLYXOUctDN	AccountProfileManageAccountsButton
string	io.sentry.rrweb.sW.SWIUvAmQgjPI	mNIZCDCQlMIJJ	_id
string	io.sentry.rrweb.sW.SWIUvAmQgjPI	nPRhlsTokA	VerticalGridFourColumns
string	io.sentry.rrweb.sW.SWIUvAmQgjPI	oyZiZihYXX	op
string	io.sentry.rrweb.sW.SWIUvAmQgjPI	qOHtQn	UnlockKeysWithMainPass(value=
string	io.sentry.rrweb.sW.SWIUvAmQgjPI	qYrqjdMYnjtnlYl	package not found
string	io.sentry.rrweb.sW.SWIUvAmQgjPI	rMpilFWjlQPrQDV	ImageLength
string	io.sentry.rrweb.sW.SWIUvAmQgjPI	tgWutUyZSbHZzSE	android.intent.action.VIEW
string	io.sentry.rrweb.sW.SWIUvAmQgjPI	twEJXbIuuU	State should have list: 
string	io.sentry.rrweb.sW.SWIUvAmQgjPI	uabBfqhbK	PROTOCOL_ERROR: TYPE_PUSH_PROMISE streamId == 0
string	io.sentry.rrweb.sW.SWIUvAmQgjPI	vVkdw	Attempting to launch an unregistered ActivityResultLauncher with contract 
string	io.sentry.rrweb.sW.SWIUvAmQgjPI	wEYsNtHiGnck	Session
string	io.sentry.rrweb.sW.SWIUvAmQgjPI	wZdDvHtS	installation_id
string	io.sentry.rrweb.sW.SWIUvAmQgjPI	xqZs	None
string	io.sentry.rrweb.sW.SWIUvAmQgjPI	zTbEtndaDHFP	Cannot encode a second value in the ValueEncoderContext
string	io.sentry.rrweb.sW.SWIUvAmQgjPI	zYjFWnTNOigbRc	android.intent.action.DOCK_EVENT
string	me.proton.android.account.accountcrux.ffi.bindings.bc.giHxJd	ATYRtIiFLDfHg	mTarget=
string	me.proton.android.account.accountcrux.ffi.bindings.bc.giHxJd	CogMS	visitAncestors called on an unattached node
string	me.proton.android.account.accountcrux.ffi.bindings.bc.giHxJd	EXWKlh	call to 'resume' before 'invoke' with coroutine
string	me.proton.android.account.accountcrux.ffi.bindings.bc.giHxJd	EbupvEDDkhxAN	Offset: %d, tagName: %s
string	me.proton.android.account.accountcrux.ffi.bindings.bc.giHxJd	GPSHYanBG	WEBVIEW_BUILDER_V1
string	me.proton.android.account.accountcrux.ffi.bindings.bc.giHxJd	HHuPlNLq	DynamicValueHolder(state=
string	me.proton.android.account.accountcrux.ffi.bindings.bc.giHxJd	HUECdazW	.
string	me.proton.android.account.accountcrux.ffi.bindings.bc.giHxJd	IPSHKyOfBw	observeForever
string	me.proton.android.account.accountcrux.ffi.bindings.bc.giHxJd	JbGMcTAvBMMpKR	android:dialogShowing
string	me.proton.android.account.accountcrux.ffi.bindings.bc.giHxJd	MVvVXWsXa	Failed to unregister SystemEventsBroadcastReceiver
string	me.proton.android.account.accountcrux.ffi.bindings.bc.giHxJd	OAIALzrA	fingerprint
string	me.proton.android.account.accountcrux.ffi.bindings.bc.giHxJd	TqqMLsmv	' in 
string	me.proton.android.account.accountcrux.ffi.bindings.bc.giHxJd	VAIlcZOwAmI	422
string	me.proton.android.account.accountcrux.ffi.bindings.bc.giHxJd	XpdgnJWhyqgS	, applied=
string	me.proton.android.account.accountcrux.ffi.bindings.bc.giHxJd	YvzmZyvjsdK	
string	me.proton.android.account.accountcrux.ffi.bindings.bc.giHxJd	ZdrVAHrNQcQzP	androidx.work.systemjobscheduler
string	me.proton.android.account.accountcrux.ffi.bindings.bc.giHxJd	adOlFZeHL	
string	me.proton.android.account.accountcrux.ffi.bindings.bc.giHxJd	bPG	device_locale
string	me.proton.android.account.accountcrux.ffi.bindings.bc.giHxJd	bmGWMPXUVMglzKf	Scopes are required.
string	me.proton.android.account.accountcrux.ffi.bindings.bc.giHxJd	cUPQBmbFzDw	,
string	me.proton.android.account.accountcrux.ffi.bindings.bc.giHxJd	eIYVcQHI	PlatformParagraphStyle(includeFontPadding=
string	me.proton.android.account.accountcrux.ffi.bindings.bc.giHxJd	exBzZVTX	core.crypto.common.keystore.init
string	me.proton.android.account.accountcrux.ffi.bindings.bc.giHxJd	eyWjfoTPqiN	visitAncestors called on an unattached node
string	me.proton.android.account.accountcrux.ffi.bindings.bc.giHxJd	ezSmDXdppXf	interrupted
string	me.proton.android.account.accountcrux.ffi.bindings.bc.giHxJd	fMYEOD	=
string	me.proton.android.account.accountcrux.ffi.bindings.bc.giHxJd	ghuufiOfZHaXg	JpgFromRaw
string	me.proton.android.account.accountcrux.ffi.bindings.bc.giHxJd	gzRJSPbJ	ACTION_START_FOREGROUND
string	me.proton.android.account.accountcrux.ffi.bindings.bc.giHxJd	hofpHAhOg	SignedIn
string	me.proton.android.account.accountcrux.ffi.bindings.bc.giHxJd	lBPImXTsUC	index: 
string	me.proton.android.account.accountcrux.ffi.bindings.bc.giHxJd	nlEpbRA	 , requires KEY_WORKSPEC_ID .
string	me.proton.android.account.accountcrux.ffi.bindings.bc.giHxJd	ozQvFEl	Unexpected JSON token at offset 
string	me.proton.android.account.accountcrux.ffi.bindings.bc.giHxJd	svjRPYUtWSVpZ	Unrecognized proxy handler: 
string	me.proton.android.account.accountcrux.ffi.bindings.bc.giHxJd	tphdbxcp	model
string	me.proton.android.account.accountcrux.ffi.bindings.bc.giHxJd	uKws	HV finished: cancelled
string	me.proton.android.account.accountcrux.ffi.bindings.bc.giHxJd	vnkElJtiELLVZJ	Instance is disabled and this 'captureTransaction' call is a no-op.
string	me.proton.android.account.accountcrux.ffi.bindings.bc.giHxJd	wlBbfGXNg	Lookahead result from lookaheadRemeasure cannot be null
string	me.proton.android.account.accountcrux.ffi.bindings.bc.giHxJd	xEWlMFFz	associated_event_id
string	me.proton.android.account.accountcrux.ffi.bindings.bc.giHxJd	xtItsabwFvFLUJ	RIGHT_WORD
string	me.proton.android.account.accountcrux.ffi.bindings.bc.giHxJd	ymKWWJ	call to 'resume' before 'invoke' with coroutine
string	me.proton.android.account.devicemigration.host.activity.TG.VFLURWLATz	EcKBvkxyqaJR	sentry:isFromHybridSdk
string	me.proton.android.account.devicemigration.host.activity.TG.VFLURWLATz	FHr	Internal error occurred. Please see logs for detailed information
string	me.proton.android.account.devicemigration.host.activity.TG.VFLURWLATz	GbgrDTXwNZa	kotlin.jvm.functions.Function14
string	me.proton.android.account.devicemigration.host.activity.TG.VFLURWLATz	HtxmPIxv	Cancelled
string	me.proton.android.account.devicemigration.host.activity.TG.VFLURWLATz	JMbOwkutygEHE	, isSmallScreen=
string	me.proton.android.account.devicemigration.host.activity.TG.VFLURWLATz	JVQRtsVT	On
string	me.proton.android.account.devicemigration.host.activity.TG.VFLURWLATz	KgJJplzVA	endColor
string	me.proton.android.account.devicemigration.host.activity.TG.VFLURWLATz	LAADZaZNBcjBue	Not connected. Call connect() and wait for onConnected() to be called.
string	me.proton.android.account.devicemigration.host.activity.TG.VFLURWLATz	NhEhiHk	, renderEffect=null, ambientShadowColor=
string	me.proton.android.account.devicemigration.host.activity.TG.VFLURWLATz	OcSPDssfFA	invalid weight; must be greater than zero
string	me.proton.android.account.devicemigration.host.activity.TG.VFLURWLATz	OlmXt	)
string	me.proton.android.account.devicemigration.host.activity.TG.VFLURWLATz	PBTQPnsU	7010
string	me.proton.android.account.devicemigration.host.activity.TG.VFLURWLATz	PDA	ResText(res=
string	me.proton.android.account.devicemigration.host.activity.TG.VFLURWLATz	PItwI	Refusing file chooser request from untrusted origin: 
string	me.proton.android.account.devicemigration.host.activity.TG.VFLURWLATz	RCYfgODZUwCAUUz	is_exception_group
string	me.proton.android.account.devicemigration.host.activity.TG.VFLURWLATz	RHEGsM	Check failed
string	me.proton.android.account.devicemigration.host.activity.TG.VFLURWLATz	RtU	jobscheduler
string	me.proton.android.account.devicemigration.host.activity.TG.VFLURWLATz	RwVQHnwFhsKXGSn	Deque is too big.
string	me.proton.android.account.devicemigration.host.activity.TG.VFLURWLATz	TLYoNOEXOuVGk	No response set.
string	me.proton.android.account.devicemigration.host.activity.TG.VFLURWLATz	TjMxqGZg	IntRect.fromLTRB(
string	me.proton.android.account.devicemigration.host.activity.TG.VFLURWLATz	WDZOh	composer.file_names
string	me.proton.android.account.devicemigration.host.activity.TG.VFLURWLATz	WvQmrmjtz	Search
string	me.proton.android.account.devicemigration.host.activity.TG.VFLURWLATz	XSnQMpnLgQyZuM	Item.end should be set first
string	me.proton.android.account.devicemigration.host.activity.TG.VFLURWLATz	YezdYTdcegKOPG	This pointer is opaque: 
string	me.proton.android.account.devicemigration.host.activity.TG.VFLURWLATz	accFFVLEDDXNMoI	OBJ
string	me.proton.android.account.devicemigration.host.activity.TG.VFLURWLATz	eGxJCvPf	EUC-KR
string	me.proton.android.account.devicemigration.host.activity.TG.VFLURWLATz	eYtwbSQWvtWzim	, isRunning=
string	me.proton.android.account.devicemigration.host.activity.TG.VFLURWLATz	euy	List is empty.
string	me.proton.android.account.devicemigration.host.activity.TG.VFLURWLATz	fCA	VM already shutting down
string	me.proton.android.account.devicemigration.host.activity.TG.VFLURWLATz	gNMRDs	 (
string	me.proton.android.account.devicemigration.host.activity.TG.VFLURWLATz	heNCc	SDK is rate limited. Stopping profiler.
string	me.proton.android.account.devicemigration.host.activity.TG.VFLURWLATz	iQNJwHZbbFejc	onBackClick
string	me.proton.android.account.devicemigration.host.activity.TG.VFLURWLATz	iUciesIKuBSF	)
string	me.proton.android.account.devicemigration.host.activity.TG.VFLURWLATz	kfQaqCNDjlA	TransferFunction
string	me.proton.android.account.devicemigration.host.activity.TG.VFLURWLATz	lHzBeQA	kotlin.Array<kotlin.CharSequence>
string	me.proton.android.account.devicemigration.host.activity.TG.VFLURWLATz	mwiOv	java.lang.Character
string	me.proton.android.account.devicemigration.host.activity.TG.VFLURWLATz	nrgzrYzjHV	Not reporting ANR event as there was no thread dump for the ANR %s
string	me.proton.android.account.devicemigration.host.activity.TG.VFLURWLATz	soZlNjLYRlFa	, onClick=
string	me.proton.android.account.devicemigration.host.activity.TG.VFLURWLATz	uxuIaVefg	Leading
string	me.proton.android.account.devicemigration.host.activity.TG.VFLURWLATz	vLfuAQaffQ	NO_ERROR
string	me.proton.android.account.devicemigration.host.activity.TG.VFLURWLATz	wFefB	requires_storage_not_low
string	me.proton.android.account.devicemigration.host.activity.TG.VFLURWLATz	xTsCPIliLYF	Content-Encoding
string	me.proton.android.account.devicemigration.host.activity.TG.VFLURWLATz	xXoIRTJzgBUkASy	composer.file_ids
string	me.proton.android.account.devicemigration.host.activity.TG.VFLURWLATz	xYRAsDpNNNo	Index 
string	me.proton.android.account.devicemigration.host.activity.TG.VFLURWLATz	xekkoJpHedR	RESUMING_BY_EB
string	me.proton.android.account.devicemigration.host.activity.TG.VFLURWLATz	ySnyGLs	Invalid arguments for accessibility character locations
string	me.proton.android.account.devicemigration.host.activity.TG.VFLURWLATz	yex	os_1
string	me.proton.android.account.devicemigration.host.activity.TG.VFLURWLATz	zHILLX	cid
string	me.proton.android.account.devicemigration.host.activity.TG.VFLURWLATz	zwrmGJbwCODKihx	sw
string	me.proton.android.core.web.webview.pjS.vJCHKmUJhxb	AoYV	x86
string	me.proton.android.core.web.webview.pjS.vJCHKmUJhxb	BGnh	FragmentManager
string	me.proton.android.core.web.webview.pjS.vJCHKmUJhxb	CEe	Cannot interpolate between gradients. Lengths vary (
string	me.proton.android.core.web.webview.pjS.vJCHKmUJhxb	COpDa	Operation is not supported for read-only collection
string	me.proton.android.core.web.webview.pjS.vJCHKmUJhxb	DkvcEvurcfNf	thread_metadata
string	me.proton.android.core.web.webview.pjS.vJCHKmUJhxb	EaPjHeJLsENf	Deletion
string	me.proton.android.core.web.webview.pjS.vJCHKmUJhxb	EgRlHd	)
string	me.proton.android.core.web.webview.pjS.vJCHKmUJhxb	HovGkePF	ALTERNATIVE_BILLING_USER_CHOICE_DATA
string	me.proton.android.core.web.webview.pjS.vJCHKmUJhxb	HvrBQWp	UTF-8
string	me.proton.android.core.web.webview.pjS.vJCHKmUJhxb	Isdpcov	maven:io.sentry:
string	me.proton.android.core.web.webview.pjS.vJCHKmUJhxb	JzrguyXQqGKYJwG	TextStyle(color=
string	me.proton.android.core.web.webview.pjS.vJCHKmUJhxb	KVFWQboEMl	
string	me.proton.android.core.web.webview.pjS.vJCHKmUJhxb	LCmojJLyEtRVG	SystemEventsBreadcrumbs
string	me.proton.android.core.web.webview.pjS.vJCHKmUJhxb	LKuVCnNdcv	\\v
string	me.proton.android.core.web.webview.pjS.vJCHKmUJhxb	LwOG	key
string	me.proton.android.core.web.webview.pjS.vJCHKmUJhxb	MVTeDlVwpCfXd	, memberName=
string	me.proton.android.core.web.webview.pjS.vJCHKmUJhxb	MquBUmJewl	Unexpected state: 
string	me.proton.android.core.web.webview.pjS.vJCHKmUJhxb	NlyvzEyuuxbu	Scroll
string	me.proton.android.core.web.webview.pjS.vJCHKmUJhxb	NvNNlIrEQz	SharingStarted.Lazily
string	me.proton.android.core.web.webview.pjS.vJCHKmUJhxb	OMAeRUmLNLdk	authorization
string	me.proton.android.core.web.webview.pjS.vJCHKmUJhxb	TphdIVZbhX	emojicompat-emoji-font
string	me.proton.android.core.web.webview.pjS.vJCHKmUJhxb	UsxCR	io.sentry.compose.viewhierarchy.ComposeViewHierarchyExporter
string	me.proton.android.core.web.webview.pjS.vJCHKmUJhxb	VNyQHITyHiLnz	PageDown
string	me.proton.android.core.web.webview.pjS.vJCHKmUJhxb	WhxxBvqwY	call to 'resume' before 'invoke' with coroutine
string	me.proton.android.core.web.webview.pjS.vJCHKmUJhxb	YlaHwjsvdCbVmjA	)
string	me.proton.android.core.web.webview.pjS.vJCHKmUJhxb	Ylypy	 marker does not exist. %s.
string	me.proton.android.core.web.webview.pjS.vJCHKmUJhxb	ZgNGNZNkYhTKl	Recovery
string	me.proton.android.core.web.webview.pjS.vJCHKmUJhxb	aFal	%-22s
string	me.proton.android.core.web.webview.pjS.vJCHKmUJhxb	ata	'. This serializer can only be used with SavedStateEncoder. Use 'encodeToSavedState' instead.
string	me.proton.android.core.web.webview.pjS.vJCHKmUJhxb	bcditKplnRhUS	 contents="
string	me.proton.android.core.web.webview.pjS.vJCHKmUJhxb	bgYfXmVyrGy	GoogleApiAvailability
string	me.proton.android.core.web.webview.pjS.vJCHKmUJhxb	bpUXKavAuyjxDj	kernel_version
string	me.proton.android.core.web.webview.pjS.vJCHKmUJhxb	cUvBMYd	initial_delay
string	me.proton.android.core.web.webview.pjS.vJCHKmUJhxb	diFQCTD	, error=
string	me.proton.android.core.web.webview.pjS.vJCHKmUJhxb	efX	, crossAxisArrangementSpacing=
string	me.proton.android.core.web.webview.pjS.vJCHKmUJhxb	kVNsIO	SrcOver
string	me.proton.android.core.web.webview.pjS.vJCHKmUJhxb	kezcYMMDNMOuC	zzd
string	me.proton.android.core.web.webview.pjS.vJCHKmUJhxb	lVrhtGMP	 > 
string	me.proton.android.core.web.webview.pjS.vJCHKmUJhxb	oXJoCpx	native
string	me.proton.android.core.web.webview.pjS.vJCHKmUJhxb	oYZzPDPjTgbjDet	]
string	me.proton.android.core.web.webview.pjS.vJCHKmUJhxb	qPHffr	 > 
string	me.proton.android.core.web.webview.pjS.vJCHKmUJhxb	tpCZvtD	is_split_apks
string	me.proton.android.core.web.webview.pjS.vJCHKmUJhxb	tyOMcGOEbsIGdbK	, phone=
string	me.proton.android.core.web.webview.pjS.vJCHKmUJhxb	uBzYyoJBKpoeV	close
string	me.proton.android.core.web.webview.pjS.vJCHKmUJhxb	uYwcrhue	ActivityLifecycleIntegration installed.
string	me.proton.android.core.web.webview.pjS.vJCHKmUJhxb	vXumyeFFgk	_parentHandle$volatile
string	me.proton.android.core.web.webview.pjS.vJCHKmUJhxb	wNFxDhCCxhqxFh	ACTION_SCROLL_IN_DIRECTION
string	me.proton.android.core.web.webview.pjS.vJCHKmUJhxb	xRbILmPI	Unknown GetKeyStoreInfo error
string	me.proton.android.core.web.webview.pjS.vJCHKmUJhxb	yUx	payload
string	me.proton.android.core.web.webview.pjS.vJCHKmUJhxb	zJqFfFo	Cannot find value for key 
string	me.proton.android.core.web.webview.pjS.vJCHKmUJhxb	zVTCUMtOboeQnyF	SunOS
string	me.proton.android.core.web.webview.pjS.vJCHKmUJhxb	zaBX	IN_PROGRESS
string	me.proton.android.core.web.webview.pjS.vJCHKmUJhxb	zgxOzzEaHla	onCloseClick
string	org.vosk.ZxXk.TfNsvdvWvp	DNMbHURCxkkYpWA	mSavedFragmentState=
string	org.vosk.ZxXk.TfNsvdvWvp	FKXCzjyyE	FragmentManager
string	org.vosk.ZxXk.TfNsvdvWvp	GoatVufYAXNy	error
string	org.vosk.ZxXk.TfNsvdvWvp	JCP	Operation is not supported for read-only collection
string	org.vosk.ZxXk.TfNsvdvWvp	LSJzYMGHjVoMZgP	Moving WorkSpec (
string	org.vosk.ZxXk.TfNsvdvWvp	NcKhxKGmunhqQ	java.lang.Throwable
string	org.vosk.ZxXk.TfNsvdvWvp	NdeptSaWXL	invalid maxLines value
string	org.vosk.ZxXk.TfNsvdvWvp	NosDeL	kotlin.Function0
string	org.vosk.ZxXk.TfNsvdvWvp	NqOrRSnNoIl	moveto CREATED: 
string	org.vosk.ZxXk.TfNsvdvWvp	PhyrHLeAXu	BillingClient
string	org.vosk.ZxXk.TfNsvdvWvp	SXcjSN	[
string	org.vosk.ZxXk.TfNsvdvWvp	VManb	INSERT OR REPLACE INTO `WorkProgress` (`work_spec_id`,`progress`) VALUES (?,?)
string	org.vosk.ZxXk.TfNsvdvWvp	Vkvh	http
string	org.vosk.ZxXk.TfNsvdvWvp	YmQfINfguW	MESSAGE
string	org.vosk.ZxXk.TfNsvdvWvp	ZRLBj	com.google.android.gms.signin.internal.forceCodeForRefreshToken
string	org.vosk.ZxXk.TfNsvdvWvp	aUcqrlAR	v=%.2f,%.2f cp1=%.2f,%.2f cp2=%.2f,%.2f
string	org.vosk.ZxXk.TfNsvdvWvp	cNiWEJwhaTEza	ACTION_SCROLL_TO_POSITION
string	org.vosk.ZxXk.TfNsvdvWvp	flxvInU	saveableStateHolderRef
string	org.vosk.ZxXk.TfNsvdvWvp	hLPJGeJVSD	ImageVector.Builder is single use, create a new instance to create a new ImageVector
string	org.vosk.ZxXk.TfNsvdvWvp	idsOBKHgBBym	Element 'value' is missing
string	org.vosk.ZxXk.TfNsvdvWvp	jYcEP	 jobs from WorkManager
string	org.vosk.ZxXk.TfNsvdvWvp	jarMZsCGEe	BOOL_LIST_PACKED
string	org.vosk.ZxXk.TfNsvdvWvp	jpOTxjUWXLXE	size=
string	org.vosk.ZxXk.TfNsvdvWvp	lSpmyCZYpf	AddedToOrganization(flowId=
string	org.vosk.ZxXk.TfNsvdvWvp	lnIEzAChDE	Cannot initialize 
string	org.vosk.ZxXk.TfNsvdvWvp	meJQ	)
string	org.vosk.ZxXk.TfNsvdvWvp	mrCnwPh	, 
string	org.vosk.ZxXk.TfNsvdvWvp	pZIodQBWQA	android.support.customtabs.action.CustomTabsService
string	org.vosk.ZxXk.TfNsvdvWvp	rxgDKOnAM	Operation is not supported for read-only collection
string	org.vosk.ZxXk.TfNsvdvWvp	saREMyOqBdnN	, avatarOpaqueOrange=
string	org.vosk.ZxXk.TfNsvdvWvp	sih	, height=
string	org.vosk.ZxXk.TfNsvdvWvp	uTenNTxAM	, setFuture=[
string	org.vosk.ZxXk.TfNsvdvWvp	uxDfFYnGHEdBCQ	resume()
string	org.vosk.ZxXk.TfNsvdvWvp	wysHsoB	pokeByte
string	org.vosk.ZxXk.TfNsvdvWvp	xbhyafqrY	ContextDescriptor(kClass: 
string	org.vosk.ZxXk.TfNsvdvWvp	xhyO	tag
string	org.vosk.ZxXk.TfNsvdvWvp	yZgAJYJZ	auto.http.spring7.webmvc
string	org.vosk.ZxXk.TfNsvdvWvp	ylhhZEDXn	]. If you are trying to use DataStore during direct boot, this exception likely indicates that your DataStore file is not located in the Device Encrypted Storage and therefore is not available for write access during direct boot mode. DataStore to be used during direct boot must be initialized using `DataStoreFactory.createInDeviceProtectedStorage()`.
string	org.vosk.ZxXk.TfNsvdvWvp	yol	MOBILE_CBS
string	org.vosk.ZxXk.TfNsvdvWvp	yrZFUBjeyYnVyCB	A pausable composition is in progress
string	org.vosk.ZxXk.TfNsvdvWvp	zObqqYlFqa	Closing SentryClient.
string	org.vosk.ZxXk.TfNsvdvWvp	zQqKPGMblRlB	SensitiveBytes already closed.
